"H+";"H+";"cit 3-";"Zn 2+";"L1 -";"L2 -";"L3 -";"L4 -";"CO2(g)";"CO2";"H(cit) 2-";"H2(cit)-";"H2CO3";"H3(cit)";"HCO3-";"OH-";"Zn(cit)-";"Zn(cit)2 4-";"Zn(CO3)2-2";"Zn(H2cit)+";"Zn(Hcit)";"Zn(OH)2";"Zn(OH)3-";"Zn(OH)4-2";"Zn2(cit)2(OH)2  4-";"Zn2(OH)6-2";"Zn2CO3+2";"Zn2OH+3";"Zn4(OH)4+4";"ZnCO3";"ZnHCO3+";"ZnOH+";"HL1";"HL2";"HL3";"HL4";"L1Zn+";"L2Zn+";"L3Zn+";"CO3 2-";;I (molal);Sum of m;C(H+);logf();C(cit 3-);logf();C(Zn 2+);logf();C(L1 -);logf();C(L2 -);logf();C(L3 -);logf();C(L4 -);logf();C(CO2(g));logf();C(CO2);logf();C(H(cit) 2-);logf();C(H2(cit)-);logf();C(H2CO3);logf();C(H3(cit));logf();C(HCO3-);logf();C(OH-);logf();C(Zn(cit)-);logf();C(Zn(cit)2 4-);logf();C(Zn(CO3)2-2);logf();C(Zn(H2cit)+);logf();C(Zn(Hcit));logf();C(Zn(OH)2);logf();C(Zn(OH)3-);logf();C(Zn(OH)4-2);logf();C(Zn2(cit)2(OH)2  4-);logf();C(Zn2(OH)6-2);logf();C(Zn2CO3+2);logf();C(Zn2OH+3);logf();C(Zn4(OH)4+4);logf();C(ZnCO3);logf();C(ZnHCO3+);logf();C(ZnOH+);logf();C(HL1);logf();C(HL2);logf();C(HL3);logf();C(HL4);logf();C(L1Zn+);logf();C(L2Zn+);logf();C(L3Zn+);logf();C(CO3 2-);logf();
       2.0000;       0.0000;       0.0000;      0.99621;       0.0000;       0.0000;       0.0000;       0.0000;       0.0000;       0.0000;       0.0000;       0.0000;       0.0000;       0.0000;       0.0000;       0.0000;   1.1307e-07;   1.1317e-17;   9.8707e-29;   4.0119e-05;   8.6264e-06;   4.6587e-14;   1.8871e-23;   6.2856e-34;   1.3611e-27;       0.0000;   1.8902e-17;   1.1644e-11;   3.7849e-32;   4.7453e-14;   7.1250e-09;   5.1974e-08;       0.0000;       0.0000;       0.0000;       0.0000;    0.0035978;   0.00010546;   4.1514e-05;       0.0000;;   0.1000;    0.0000;     0.01281;   -0.1075;   1.365e-12;   -0.9677;   4.563e-05;   -0.4301;   2.442e-05;   -0.1075;   1.135e-06;   -0.1075;   4.466e-09;   -0.1075;   3.765e-11;   -0.1075;       0.000;    0.0000;   1.067e-05;    0.0000;   9.071e-09;   -0.4301;   2.601e-06;   -0.1075;   1.611e-08;    0.0000;   2.739e-05;    0.0000;   6.061e-10;   -0.1075;   1.275e-12;   -0.1075;   5.179e-12;   -0.1075;   5.183e-22;   -1.7203;   4.521e-33;   -0.4301;   1.837e-09;   -0.1075;   3.951e-10;    0.0000;   2.134e-18;    0.0000;   8.643e-28;   -0.1075;   2.879e-38;   -0.4301;   3.117e-32;   -1.7203;       0.000;   -0.4301;   4.329e-22;   -0.4301;   2.667e-16;   -0.9677;   4.334e-37;   -1.7203;   2.173e-18;    0.0000;   3.263e-13;   -0.1075;   2.380e-12;   -0.1075;   0.0003804;    0.0000;   0.0005589;    0.0000;   0.0002200;    0.0000;   0.0003700;    0.0000;   1.648e-07;   -0.1075;   4.830e-09;   -0.1075;   1.901e-09;   -0.1075;   5.999e-18;   -0.4301
       2.1600;       0.0000;       0.0000;      0.99466;       0.0000;       0.0000;       0.0000;       0.0000;       0.0000;       0.0000;       0.0000;       0.0000;       0.0000;       0.0000;       0.0000;       0.0000;   3.2814e-07;   9.5460e-17;   4.3020e-28;   5.5727e-05;   1.7320e-05;   9.7183e-14;   5.6900e-23;   2.7395e-33;   2.3950e-26;       0.0000;   3.9370e-17;   1.6779e-11;   1.6419e-31;   9.8990e-14;   1.0283e-08;   7.5009e-08;       0.0000;       0.0000;       0.0000;       0.0000;    0.0050557;   0.00015206;   5.9912e-05;       0.0000;;   0.1000;    0.0000;    0.008862;   -0.1075;   3.969e-12;   -0.9677;   4.556e-05;   -0.4301;   3.437e-05;   -0.1075;   1.638e-06;   -0.1075;   6.455e-09;   -0.1075;   5.442e-11;   -0.1075;       0.000;    0.0000;   1.067e-05;    0.0000;   1.824e-08;   -0.4301;   3.618e-06;   -0.1075;   1.611e-08;    0.0000;   2.636e-05;    0.0000;   8.760e-10;   -0.1075;   1.843e-12;   -0.1075;   1.503e-11;   -0.1075;   4.372e-21;   -1.7203;   1.970e-32;   -0.4301;   2.552e-09;   -0.1075;   7.932e-10;    0.0000;   4.451e-18;    0.0000;   2.606e-27;   -0.1075;   1.255e-37;   -0.4301;   5.485e-31;   -1.7203;       0.000;   -0.4301;   9.016e-22;   -0.4301;   3.842e-16;   -0.9677;   1.880e-36;   -1.7203;   4.534e-18;    0.0000;   4.710e-13;   -0.1075;   3.435e-12;   -0.1075;   0.0003704;    0.0000;   0.0005584;    0.0000;   0.0002200;    0.0000;   0.0003700;    0.0000;   2.316e-07;   -0.1075;   6.964e-09;   -0.1075;   2.744e-09;   -0.1075;   1.253e-17;   -0.4301
       2.3200;       0.0000;       0.0000;      0.99256;       0.0000;       0.0000;       0.0000;       0.0000;       0.0000;       0.0000;       0.0000;       0.0000;       0.0000;       0.0000;       0.0000;       0.0000;   9.3782e-07;   7.8136e-16;   1.8739e-27;   7.6229e-05;   3.4245e-05;   2.0262e-13;   1.7147e-22;   1.1933e-32;   4.0871e-25;       0.0000;   8.1908e-17;   2.4151e-11;   7.1069e-31;   2.0638e-13;   1.4832e-08;   1.0819e-07;       0.0000;       0.0000;       0.0000;       0.0000;    0.0070250;   0.00021905;   8.6415e-05;       0.0000;;   0.1000;    0.0000;    0.006131;   -0.1075;   1.137e-11;   -0.9677;   4.546e-05;   -0.4301;   4.786e-05;   -0.1075;   2.365e-06;   -0.1075;   9.331e-09;   -0.1075;   7.865e-11;   -0.1075;       0.000;    0.0000;   1.067e-05;    0.0000;   3.614e-08;   -0.4301;   4.960e-06;   -0.1075;   1.611e-08;    0.0000;   2.500e-05;    0.0000;   1.266e-09;   -0.1075;   2.664e-12;   -0.1075;   4.295e-11;   -0.1075;   3.579e-20;   -1.7203;   8.583e-32;   -0.4301;   3.491e-09;   -0.1075;   1.568e-09;    0.0000;   9.280e-18;    0.0000;   7.853e-27;   -0.1075;   5.465e-37;   -0.4301;   9.360e-30;   -1.7203;       0.000;   -0.4301;   1.876e-21;   -0.4301;   5.530e-16;   -0.9677;   8.137e-36;   -1.7203;   9.452e-18;    0.0000;   6.793e-13;   -0.1075;   4.955e-12;   -0.1075;   0.0003568;    0.0000;   0.0005576;    0.0000;   0.0002200;    0.0000;   0.0003700;    0.0000;   3.217e-07;   -0.1075;   1.003e-08;   -0.1075;   3.958e-09;   -0.1075;   2.619e-17;   -0.4301
       2.4800;       0.0000;       0.0000;      0.98977;       0.0000;       0.0000;       0.0000;       0.0000;       0.0000;       0.0000;       0.0000;       0.0000;       0.0000;       0.0000;       0.0000;       0.0000;   2.6270e-06;   6.1484e-15;   8.1571e-27;   0.00010220;   6.6366e-05;   4.2214e-13;   5.1639e-22;   5.1944e-32;   6.7005e-24;       0.0000;   1.7017e-16;   3.4713e-11;   3.0676e-30;   4.2999e-13;   2.1378e-08;   1.5595e-07;       0.0000;       0.0000;       0.0000;       0.0000;    0.0096161;   0.00031514;   0.00012455;       0.0000;;   0.1000;    0.0000;    0.004242;   -0.1075;   3.193e-11;   -0.9677;   4.533e-05;   -0.4301;   6.570e-05;   -0.1075;   3.412e-06;   -0.1075;   1.349e-08;   -0.1075;   1.137e-10;   -0.1075;       0.000;    0.0000;   1.067e-05;    0.0000;   7.024e-08;   -0.4301;   6.668e-06;   -0.1075;   1.611e-08;    0.0000;   2.325e-05;    0.0000;   1.830e-09;   -0.1075;   3.851e-12;   -0.1075;   1.203e-10;   -0.1075;   2.816e-19;   -1.7203;   3.736e-31;   -0.4301;   4.681e-09;   -0.1075;   3.040e-09;    0.0000;   1.933e-17;    0.0000;   2.365e-26;   -0.1075;   2.379e-36;   -0.4301;   1.534e-28;   -1.7203;       0.000;   -0.4301;   3.897e-21;   -0.4301;   7.949e-16;   -0.9677;   3.512e-35;   -1.7203;   1.969e-17;    0.0000;   9.791e-13;   -0.1075;   7.142e-12;   -0.1075;   0.0003389;    0.0000;   0.0005566;    0.0000;   0.0002200;    0.0000;   0.0003700;    0.0000;   4.404e-07;   -0.1075;   1.443e-08;   -0.1075;   5.705e-09;   -0.1075;   5.471e-17;   -0.4301
       2.6400;       0.0000;       0.0000;      0.98619;       0.0000;       0.0000;       0.0000;       0.0000;       0.0000;       0.0000;       0.0000;       0.0000;       0.0000;       0.0000;       0.0000;       0.0000;   7.1748e-06;   4.6028e-14;   3.5478e-26;   0.00013360;   0.00012540;   8.7878e-13;   1.5538e-21;   2.2592e-31;   1.0442e-22;       0.0000;   3.5297e-16;   4.9812e-11;   1.3198e-29;   8.9512e-13;   3.0789e-08;   2.2459e-07;       0.0000;       0.0000;       0.0000;       0.0000;     0.012910;   0.00045263;   0.00017938;       0.0000;;   0.1000;    0.0000;    0.002934;   -0.1075;   8.752e-11;   -0.9677;   4.517e-05;   -0.4301;   8.852e-05;   -0.1075;   4.919e-06;   -0.1075;   1.949e-08;   -0.1075;   1.643e-10;   -0.1075;       0.000;    0.0000;   1.067e-05;    0.0000;   1.332e-07;   -0.4301;   8.748e-06;   -0.1075;   1.611e-08;    0.0000;   2.111e-05;    0.0000;   2.646e-09;   -0.1075;   5.566e-12;   -0.1075;   3.286e-10;   -0.1075;   2.108e-18;   -1.7203;   1.625e-30;   -0.4301;   6.119e-09;   -0.1075;   5.743e-09;    0.0000;   4.025e-17;    0.0000;   7.116e-26;   -0.1075;   1.035e-35;   -0.4301;   2.391e-27;   -1.7203;       0.000;   -0.4301;   8.083e-21;   -0.4301;   1.141e-15;   -0.9677;   1.511e-34;   -1.7203;   4.100e-17;    0.0000;   1.410e-12;   -0.1075;   1.029e-11;   -0.1075;   0.0003159;    0.0000;   0.0005551;    0.0000;   0.0002200;    0.0000;   0.0003700;    0.0000;   5.913e-07;   -0.1075;   2.073e-08;   -0.1075;   8.215e-09;   -0.1075;   1.143e-16;   -0.4301
       2.8000;       0.0000;       0.0000;      0.98176;       0.0000;       0.0000;       0.0000;       0.0000;       0.0000;       0.0000;       0.0000;       0.0000;       0.0000;       0.0000;       0.0000;       0.0000;   1.9003e-05;   3.2436e-13;   1.5417e-25;   0.00016937;   0.00022978;   1.8278e-12;   4.6713e-21;   9.8176e-31;   1.5305e-21;       0.0000;   7.3084e-16;   7.1355e-11;   5.6581e-29;   1.8618e-12;   4.4304e-08;   3.2318e-07;       0.0000;       0.0000;       0.0000;       0.0000;     0.016919;   0.00064875;   0.00025810;       0.0000;;   0.1000;    0.0000;    0.002030;   -0.1075;   2.328e-10;   -0.9677;   4.496e-05;   -0.4301;   0.0001165;   -0.1075;   7.082e-06;   -0.1075;   2.818e-08;   -0.1075;   2.375e-10;   -0.1075;       0.000;    0.0000;   1.067e-05;    0.0000;   2.452e-07;   -0.4301;   1.114e-05;   -0.1075;   1.611e-08;    0.0000;   1.859e-05;    0.0000;   3.824e-09;   -0.1075;   8.045e-12;   -0.1075;   8.704e-10;   -0.1075;   1.486e-17;   -1.7203;   7.061e-30;   -0.4301;   7.757e-09;   -0.1075;   1.052e-08;    0.0000;   8.371e-17;    0.0000;   2.139e-25;   -0.1075;   4.496e-35;   -0.4301;   3.505e-26;   -1.7203;       0.000;   -0.4301;   1.674e-20;   -0.4301;   1.634e-15;   -0.9677;   6.479e-34;   -1.7203;   8.527e-17;    0.0000;   2.029e-12;   -0.1075;   1.480e-11;   -0.1075;   0.0002877;    0.0000;   0.0005529;    0.0000;   0.0002200;    0.0000;   0.0003700;    0.0000;   7.749e-07;   -0.1075;   2.971e-08;   -0.1075;   1.182e-08;   -0.1075;   2.388e-16;   -0.4301
       2.9600;       0.0000;       0.0000;      0.97649;       0.0000;       0.0000;       0.0000;       0.0000;       0.0000;       0.0000;       0.0000;       0.0000;       0.0000;       0.0000;       0.0000;       0.0000;   4.8585e-05;   2.1316e-12;   6.6937e-25;   0.00020726;   0.00040643;   3.7983e-12;   1.4032e-20;   4.2625e-30;   2.0902e-20;       0.0000;   1.5106e-15;   1.0204e-10;   2.4173e-28;   3.8689e-12;   6.3695e-08;   4.6463e-07;       0.0000;       0.0000;       0.0000;       0.0000;     0.021545;   0.00092746;   0.00037104;       0.0000;;   0.1000;    0.0000;    0.001404;   -0.1075;   5.985e-10;   -0.9677;   4.472e-05;   -0.4301;   0.0001492;   -0.1075;   1.018e-05;   -0.1075;   4.072e-08;   -0.1075;   3.433e-10;   -0.1075;       0.000;    0.0000;   1.067e-05;    0.0000;   4.360e-07;   -0.4301;   1.371e-05;   -0.1075;   1.611e-08;    0.0000;   1.583e-05;    0.0000;   5.527e-09;   -0.1075;   1.163e-11;   -0.1075;   2.225e-09;   -0.1075;   9.763e-17;   -1.7203;   3.066e-29;   -0.4301;   9.492e-09;   -0.1075;   1.861e-08;    0.0000;   1.740e-16;    0.0000;   6.426e-25;   -0.1075;   1.952e-34;   -0.4301;   4.787e-25;   -1.7203;       0.000;   -0.4301;   3.459e-20;   -0.4301;   2.337e-15;   -0.9677;   2.768e-33;   -1.7203;   1.772e-16;    0.0000;   2.917e-12;   -0.1075;   2.128e-11;   -0.1075;   0.0002548;    0.0000;   0.0005498;    0.0000;   0.0002199;    0.0000;   0.0003700;    0.0000;   9.867e-07;   -0.1075;   4.248e-08;   -0.1075;   1.699e-08;   -0.1075;   4.990e-16;   -0.4301
       3.1200;       0.0000;       0.0000;      0.97052;       0.0000;       0.0000;       0.0000;       0.0000;       0.0000;       0.0000;       0.0000;       0.0000;       0.0000;       0.0000;       0.0000;       0.0000;   0.00011950;   1.2974e-11;   2.9041e-24;   0.00024399;   0.00069158;   7.8872e-12;   4.2116e-20;   1.8493e-29;   2.6419e-19;   8.4300e-41;   3.1176e-15;   1.4569e-10;   1.0296e-27;   8.0339e-12;   9.1505e-08;   6.6749e-07;       0.0000;       0.0000;       0.0000;       0.0000;     0.026564;    0.0013217;   0.00053297;       0.0000;;   0.1000;    0.0000;   0.0009717;   -0.1075;   1.481e-09;   -0.9677;   4.445e-05;   -0.4301;   0.0001851;   -0.1075;   1.459e-05;   -0.1075;   5.885e-08;   -0.1075;   4.963e-10;   -0.1075;       0.000;    0.0000;   1.067e-05;    0.0000;   7.464e-07;   -0.4301;   1.623e-05;   -0.1075;   1.611e-08;    0.0000;   1.297e-05;    0.0000;   7.990e-09;   -0.1075;   1.681e-11;   -0.1075;   5.473e-09;   -0.1075;   5.942e-16;   -1.7203;   1.330e-28;   -0.4301;   1.117e-08;   -0.1075;   3.167e-08;    0.0000;   3.612e-16;    0.0000;   1.929e-24;   -0.1075;   8.470e-34;   -0.4301;   6.050e-24;   -1.7203;   1.930e-45;   -0.4301;   7.139e-20;   -0.4301;   3.336e-15;   -0.9677;   1.179e-32;   -1.7203;   3.680e-16;    0.0000;   4.191e-12;   -0.1075;   3.057e-11;   -0.1075;   0.0002187;    0.0000;   0.0005453;    0.0000;   0.0002199;    0.0000;   0.0003700;    0.0000;   1.217e-06;   -0.1075;   6.053e-08;   -0.1075;   2.441e-08;   -0.1075;   1.043e-15;   -0.4301
       3.2800;       0.0000;       0.0000;      0.96402;       0.0000;       0.0000;       0.0000;       0.0000;       0.0000;       0.0000;       0.0000;       0.0000;       0.0000;       0.0000;       0.0000;       0.0000;   0.00028227;   7.2882e-11;   1.2592e-23;   0.00027585;    0.0011302;   1.6368e-11;   1.2633e-19;   8.0183e-29;   3.0798e-18;   7.5855e-40;   6.4266e-15;   2.0777e-10;   4.3751e-27;   1.6673e-11;   1.3138e-07;   9.5835e-07;       0.0000;       0.0000;       0.0000;       0.0000;     0.031654;    0.0018757;   0.00076508;       0.0000;;   0.1000;    0.0000;   0.0006722;   -0.1075;   3.522e-09;   -0.9677;   4.415e-05;   -0.4301;   0.0002220;   -0.1075;   2.085e-05;   -0.1075;   8.506e-08;   -0.1075;   7.173e-10;   -0.1075;       0.000;    0.0000;   1.067e-05;    0.0000;   1.228e-06;   -0.4301;   1.848e-05;   -0.1075;   1.611e-08;    0.0000;   1.021e-05;    0.0000;   1.155e-08;   -0.1075;   2.430e-11;   -0.1075;   1.293e-08;   -0.1075;   3.338e-15;   -1.7203;   5.767e-28;   -0.4301;   1.263e-08;   -0.1075;   5.176e-08;    0.0000;   7.497e-16;    0.0000;   5.786e-24;   -0.1075;   3.672e-33;   -0.4301;   7.053e-23;   -1.7203;   1.737e-44;   -0.4301;   1.472e-19;   -0.4301;   4.758e-15;   -0.9677;   5.010e-32;   -1.7203;   7.636e-16;    0.0000;   6.017e-12;   -0.1075;   4.389e-11;   -0.1075;   0.0001815;    0.0000;   0.0005391;    0.0000;   0.0002199;    0.0000;   0.0003700;    0.0000;   1.450e-06;   -0.1075;   8.591e-08;   -0.1075;   3.504e-08;   -0.1075;   2.178e-15;   -0.4301
       3.4400;       0.0000;       0.0000;      0.95708;       0.0000;       0.0000;       0.0000;       0.0000;       0.0000;       0.0000;       0.0000;       0.0000;       0.0000;       0.0000;       0.0000;       0.0000;   0.00064011;   3.7751e-10;   5.4569e-23;   0.00029940;    0.0017731;   3.3952e-11;   3.7878e-19;   3.4749e-28;   3.3089e-17;   6.8188e-39;   1.3235e-14;   2.9601e-10;   1.8554e-26;   3.4583e-11;   1.8853e-07;   1.3753e-06;       0.0000;       0.0000;       0.0000;       0.0000;     0.036463;    0.0026476;    0.0010977;       0.0000;;   0.1000;    0.0000;   0.0004651;   -0.1075;   8.045e-09;   -0.9677;   4.383e-05;   -0.4301;   0.0002576;   -0.1075;   2.965e-05;   -0.1075;   1.229e-07;   -0.1075;   1.037e-09;   -0.1075;       0.000;    0.0000;   1.067e-05;    0.0000;   1.941e-06;   -0.4301;   2.020e-05;   -0.1075;   1.611e-08;    0.0000;   7.724e-06;    0.0000;   1.669e-08;   -0.1075;   3.512e-11;   -0.1075;   2.932e-08;   -0.1075;   1.729e-14;   -1.7203;   2.499e-27;   -0.4301;   1.371e-08;   -0.1075;   8.121e-08;    0.0000;   1.555e-15;    0.0000;   1.735e-23;   -0.1075;   1.592e-32;   -0.4301;   7.577e-22;   -1.7203;   1.562e-43;   -0.4301;   3.031e-19;   -0.4301;   6.779e-15;   -0.9677;   2.124e-31;   -1.7203;   1.584e-15;    0.0000;   8.635e-12;   -0.1075;   6.299e-11;   -0.1075;   0.0001457;    0.0000;   0.0005302;    0.0000;   0.0002198;    0.0000;   0.0003700;    0.0000;   1.670e-06;   -0.1075;   1.213e-07;   -0.1075;   5.027e-08;   -0.1075;   4.551e-15;   -0.4301
       3.6000;       0.0000;       0.0000;      0.94964;       0.0000;       0.0000;       0.0000;       0.0000;       0.0000;       0.0000;       0.0000;       0.0000;       0.0000;       0.0000;       0.0000;       0.0000;    0.0013940;   1.8043e-09;   2.3635e-22;   0.00031207;    0.0026714;   7.0385e-11;   1.1350e-18;   1.5051e-27;   3.2786e-16;   6.1226e-38;   2.7223e-14;   4.2125e-10;   7.8505e-26;   7.1693e-11;   2.7040e-07;   1.9724e-06;       0.0000;       0.0000;       0.0000;       0.0000;     0.040693;    0.0037094;    0.0015737;       0.0000;;   0.1000;    0.0000;   0.0003218;   -0.1075;   1.766e-08;   -0.9677;   4.349e-05;   -0.4301;   0.0002898;   -0.1075;   4.186e-05;   -0.1075;   1.776e-07;   -0.1075;   1.499e-09;   -0.1075;       0.000;    0.0000;   1.067e-05;    0.0000;   2.947e-06;   -0.4301;   2.122e-05;   -0.1075;   1.611e-08;    0.0000;   5.614e-06;    0.0000;   2.413e-08;   -0.1075;   5.076e-11;   -0.1075;   6.384e-08;   -0.1075;   8.264e-14;   -1.7203;   1.082e-26;   -0.4301;   1.429e-08;   -0.1075;   1.223e-07;    0.0000;   3.224e-15;    0.0000;   5.198e-23;   -0.1075;   6.893e-32;   -0.4301;   7.508e-21;   -1.7203;   1.402e-42;   -0.4301;   6.234e-19;   -0.4301;   9.647e-15;   -0.9677;   8.989e-31;   -1.7203;   3.284e-15;    0.0000;   1.238e-11;   -0.1075;   9.034e-11;   -0.1075;   0.0001134;    0.0000;   0.0005180;    0.0000;   0.0002197;    0.0000;   0.0003700;    0.0000;   1.864e-06;   -0.1075;   1.699e-07;   -0.1075;   7.208e-08;   -0.1075;   9.508e-15;   -0.4301
       3.7600;       0.0000;       0.0000;      0.94136;       0.0000;       0.0000;       0.0000;       0.0000;       0.0000;       0.0000;       0.0000;       0.0000;       0.0000;       0.0000;       0.0000;       0.0000;    0.0029139;   7.9536e-09;   1.0227e-21;   0.00031223;    0.0038633;   1.4577e-10;   3.3978e-18;   6.5126e-27;   2.9932e-15;   5.4869e-37;   5.5889e-14;   5.9831e-10;   3.3089e-25;   1.4848e-10;   3.8743e-07;   2.8262e-06;       0.0000;       0.0000;       0.0000;       0.0000;     0.044148;    0.0051430;    0.0022537;       0.0000;;   0.1000;    0.0000;   0.0002226;   -0.1075;   3.724e-08;   -0.9677;   4.311e-05;   -0.4301;   0.0003171;   -0.1075;   5.855e-05;   -0.1075;   2.566e-07;   -0.1075;   2.166e-09;   -0.1075;       0.000;    0.0000;   1.067e-05;    0.0000;   4.299e-06;   -0.4301;   2.142e-05;   -0.1075;   1.611e-08;    0.0000;   3.920e-06;    0.0000;   3.488e-08;   -0.1075;   7.337e-11;   -0.1075;   1.335e-07;   -0.1075;   3.643e-13;   -1.7203;   4.684e-26;   -0.4301;   1.430e-08;   -0.1075;   1.769e-07;    0.0000;   6.676e-15;    0.0000;   1.556e-22;   -0.1075;   2.983e-31;   -0.4301;   6.854e-20;   -1.7203;   1.256e-41;   -0.4301;   1.280e-18;   -0.4301;   1.370e-14;   -0.9677;   3.789e-30;   -1.7203;   6.800e-15;    0.0000;   1.774e-11;   -0.1075;   1.294e-10;   -0.1075;   8.585e-05;    0.0000;   0.0005012;    0.0000;   0.0002196;    0.0000;   0.0003700;    0.0000;   2.022e-06;   -0.1075;   2.355e-07;   -0.1075;   1.032e-07;   -0.1075;   1.986e-14;   -0.4301
       3.9200;       0.0000;       0.0000;      0.93151;       0.0000;       0.0000;       0.0000;       0.0000;       0.0000;       0.0000;       0.0000;       0.0000;       0.0000;       0.0000;       0.0000;       0.0000;    0.0058366;   3.2248e-08;   4.4176e-21;   0.00029934;    0.0053536;   3.0138e-10;   1.0154e-17;   2.8131e-26;   2.5090e-14;   4.9000e-36;   1.1434e-13;   8.4683e-10;   1.3849e-24;   3.0698e-10;   5.5415e-07;   4.0423e-06;       0.0000;       0.0000;       0.0000;       0.0000;     0.046742;    0.0070276;    0.0032212;       0.0000;;   0.1000;    0.0000;   0.0001540;   -0.1075;   7.537e-08;   -0.9677;   4.266e-05;   -0.4301;   0.0003393;   -0.1075;   8.085e-05;   -0.1075;   3.706e-07;   -0.1075;   3.131e-09;   -0.1075;       0.000;    0.0000;   1.067e-05;    0.0000;   6.020e-06;   -0.4301;   2.075e-05;   -0.1075;   1.611e-08;    0.0000;   2.627e-06;    0.0000;   5.041e-08;   -0.1075;   1.061e-10;   -0.1075;   2.673e-07;   -0.1075;   1.477e-12;   -1.7203;   2.023e-25;   -0.4301;   1.371e-08;   -0.1075;   2.452e-07;    0.0000;   1.380e-14;    0.0000;   4.650e-22;   -0.1075;   1.288e-30;   -0.4301;   5.746e-19;   -1.7203;   1.122e-40;   -0.4301;   2.618e-18;   -0.4301;   1.939e-14;   -0.9677;   1.586e-29;   -1.7203;   1.406e-14;    0.0000;   2.538e-11;   -0.1075;   1.851e-10;   -0.1075;   6.355e-05;    0.0000;   0.0004788;    0.0000;   0.0002195;    0.0000;   0.0003700;    0.0000;   2.141e-06;   -0.1075;   3.219e-07;   -0.1075;   1.475e-07;   -0.1075;   4.150e-14;   -0.4301
       4.0800;       0.0000;       0.0000;      0.91901;       0.0000;       0.0000;       0.0000;       0.0000;       0.0000;       0.0000;       0.0000;       0.0000;       0.0000;       0.0000;       0.0000;       0.0000;     0.011159;   1.1948e-07;   1.9025e-20;   0.00027392;    0.0070811;   6.2121e-10;   3.0252e-17;   1.2115e-25;   1.9161e-13;   4.3497e-35;   2.3252e-13;   1.1914e-09;   5.7272e-24;   6.3276e-10;   7.9024e-07;   5.7645e-06;       0.0000;       0.0000;       0.0000;       0.0000;     0.048462;    0.0094139;    0.0045889;       0.0000;;   0.1000;    0.0000;   0.0001065;   -0.1075;   1.461e-07;   -0.9677;   4.209e-05;   -0.4301;   0.0003566;   -0.1075;   0.0001098;   -0.1075;   5.351e-07;   -0.1075;   4.526e-09;   -0.1075;       0.000;    0.0000;   1.067e-05;    0.0000;   8.071e-06;   -0.4301;   1.925e-05;   -0.1075;   1.611e-08;    0.0000;   1.686e-06;    0.0000;   7.287e-08;   -0.1075;   1.533e-10;   -0.1075;   5.111e-07;   -0.1075;   5.472e-12;   -1.7203;   8.713e-25;   -0.4301;   1.255e-08;   -0.1075;   3.243e-07;    0.0000;   2.845e-14;    0.0000;   1.386e-21;   -0.1075;   5.549e-30;   -0.4301;   4.388e-18;   -1.7203;   9.961e-40;   -0.4301;   5.325e-18;   -0.4301;   2.728e-14;   -0.9677;   6.558e-29;   -1.7203;   2.898e-14;    0.0000;   3.619e-11;   -0.1075;   2.640e-10;   -0.1075;   4.620e-05;    0.0000;   0.0004498;    0.0000;   0.0002193;    0.0000;   0.0003700;    0.0000;   2.220e-06;   -0.1075;   4.312e-07;   -0.1075;   2.102e-07;   -0.1075;   8.671e-14;   -0.4301
       4.2400;       0.0000;       0.0000;      0.90248;       0.0000;       0.0000;       0.0000;       0.0000;       0.0000;       0.0000;       0.0000;       0.0000;       0.0000;       0.0000;       0.0000;       0.0000;     0.020256;   4.0090e-07;   8.1553e-20;   0.00023799;    0.0088927;   1.2746e-09;   8.9718e-17;   5.1932e-25;   1.3191e-12;   3.8255e-34;   4.6848e-13;   1.6607e-09;   2.3249e-23;   1.2982e-09;   1.1217e-06;   8.1824e-06;       0.0000;       0.0000;       0.0000;       0.0000;     0.049329;     0.012286;    0.0065041;       0.0000;;   0.1000;    0.0000;   7.371e-05;   -0.1075;   2.700e-07;   -0.9677;   4.133e-05;   -0.4301;   0.0003696;   -0.1075;   0.0001459;   -0.1075;   7.724e-07;   -0.1075;   6.542e-09;   -0.1075;       0.000;    0.0000;   1.067e-05;    0.0000;   1.032e-05;   -0.4301;   1.703e-05;   -0.1075;   1.611e-08;    0.0000;   1.032e-06;    0.0000;   1.053e-07;   -0.1075;   2.216e-10;   -0.1075;   9.277e-07;   -0.1075;   1.836e-11;   -1.7203;   3.735e-24;   -0.4301;   1.090e-08;   -0.1075;   4.073e-07;    0.0000;   5.837e-14;    0.0000;   4.109e-21;   -0.1075;   2.379e-29;   -0.4301;   3.021e-17;   -1.7203;   8.760e-39;   -0.4301;   1.073e-17;   -0.4301;   3.803e-14;   -0.9677;   2.662e-28;   -1.7203;   5.946e-14;    0.0000;   5.137e-11;   -0.1075;   3.748e-10;   -0.1075;   3.313e-05;    0.0000;   0.0004135;    0.0000;   0.0002189;    0.0000;   0.0003700;    0.0000;   2.259e-06;   -0.1075;   5.627e-07;   -0.1075;   2.979e-07;   -0.1075;   1.812e-13;   -0.4301
       4.4000;       0.0000;       0.0000;      0.88051;       0.0000;       0.0000;       0.0000;       0.0000;       0.0000;       0.0000;       0.0000;       0.0000;       0.0000;       0.0000;       0.0000;       0.0000;     0.034695;   1.2055e-06;   3.4732e-19;   0.00019510;     0.010538;   2.5981e-09;   2.6435e-16;   2.2117e-24;   8.0855e-12;   3.3211e-33;   9.3171e-13;   2.2850e-09;   9.1958e-23;   2.6464e-09;   1.5819e-06;   1.1539e-05;       0.0000;       0.0000;       0.0000;       0.0000;     0.049379;     0.015518;    0.0091530;       0.0000;;   0.1000;    0.0000;   5.099e-05;   -0.1075;   4.740e-07;   -0.9677;   4.033e-05;   -0.4301;   0.0003792;   -0.1075;   0.0001889;   -0.1075;   1.114e-06;   -0.1075;   9.456e-09;   -0.1075;       0.000;    0.0000;   1.067e-05;    0.0000;   1.254e-05;   -0.4301;   1.431e-05;   -0.1075;   1.611e-08;    0.0000;   5.999e-07;    0.0000;   1.522e-07;   -0.1075;   3.203e-10;   -0.1075;   1.589e-06;   -0.1075;   5.521e-11;   -1.7203;   1.591e-23;   -0.4301;   8.936e-09;   -0.1075;   4.826e-07;    0.0000;   1.190e-13;    0.0000;   1.211e-20;   -0.1075;   1.013e-28;   -0.4301;   1.852e-16;   -1.7203;   7.605e-38;   -0.4301;   2.134e-17;   -0.4301;   5.233e-14;   -0.9677;   1.053e-27;   -1.7203;   1.212e-13;    0.0000;   7.245e-11;   -0.1075;   5.285e-10;   -0.1075;   2.352e-05;    0.0000;   0.0003704;    0.0000;   0.0002185;    0.0000;   0.0003700;    0.0000;   2.262e-06;   -0.1075;   7.107e-07;   -0.1075;   4.192e-07;   -0.1075;   3.785e-13;   -0.4301
       4.5600;       0.0000;       0.0000;      0.85205;       0.0000;       0.0000;       0.0000;       0.0000;       0.0000;       0.0000;       0.0000;       0.0000;       0.0000;       0.0000;       0.0000;       0.0000;     0.055769;   3.2188e-06;   1.4671e-18;   0.00015010;     0.011719;   5.2527e-09;   7.7251e-16;   9.3425e-24;   4.3648e-11;   2.8362e-32;   1.8228e-12;   3.0927e-09;   3.5198e-22;   5.3504e-09;   2.2126e-06;   1.6140e-05;       0.0000;       0.0000;       0.0000;       0.0000;     0.048663;     0.018863;     0.012764;       0.0000;;   0.1000;    0.0000;   3.528e-05;   -0.1075;   7.874e-07;   -0.9677;   3.902e-05;   -0.4301;   0.0003862;   -0.1075;   0.0002373;   -0.1075;   1.605e-06;   -0.1075;   1.367e-08;   -0.1075;       0.000;    0.0000;   1.067e-05;    0.0000;   1.441e-05;   -0.4301;   1.138e-05;   -0.1075;   1.611e-08;    0.0000;   3.300e-07;    0.0000;   2.200e-07;   -0.1075;   4.629e-10;   -0.1075;   2.554e-06;   -0.1075;   1.474e-10;   -1.7203;   6.719e-23;   -0.4301;   6.875e-09;   -0.1075;   5.367e-07;    0.0000;   2.406e-13;    0.0000;   3.538e-20;   -0.1075;   4.279e-28;   -0.4301;   9.995e-16;   -1.7203;   6.495e-37;   -0.4301;   4.174e-17;   -0.4301;   7.082e-14;   -0.9677;   4.030e-27;   -1.7203;   2.450e-13;    0.0000;   1.013e-10;   -0.1075;   7.392e-10;   -0.1075;   1.657e-05;    0.0000;   0.0003219;    0.0000;   0.0002178;    0.0000;   0.0003700;    0.0000;   2.229e-06;   -0.1075;   8.639e-07;   -0.1075;   5.846e-07;   -0.1075;   7.908e-13;   -0.4301
       4.7200;       0.0000;       0.0000;      0.81690;       0.0000;       0.0000;       0.0000;       0.0000;       0.0000;       0.0000;       0.0000;       0.0000;       0.0000;       0.0000;       0.0000;       0.0000;     0.083906;   7.5994e-06;   6.1400e-18;   0.00010809;     0.012197;   1.0522e-08;   2.2367e-15;   3.9099e-23;   2.0642e-10;   2.3777e-31;   3.5007e-12;   4.1092e-09;   1.2982e-21;   1.0717e-08;   3.0663e-06;   2.2367e-05;       0.0000;       0.0000;       0.0000;       0.0000;     0.047262;     0.021979;     0.017613;       0.0000;;   0.1000;    0.0000;   2.441e-05;   -0.1075;   1.236e-06;   -0.9677;   3.741e-05;   -0.4301;   0.0003912;   -0.1075;   0.0002884;   -0.1075;   2.311e-06;   -0.1075;   1.976e-08;   -0.1075;       0.000;    0.0000;   1.067e-05;    0.0000;   1.564e-05;   -0.4301;   8.545e-06;   -0.1075;   1.611e-08;    0.0000;   1.715e-07;    0.0000;   3.181e-07;   -0.1075;   6.691e-10;   -0.1075;   3.843e-06;   -0.1075;   3.481e-10;   -1.7203;   2.812e-22;   -0.4301;   4.951e-09;   -0.1075;   5.586e-07;    0.0000;   4.819e-13;    0.0000;   1.024e-19;   -0.1075;   1.791e-27;   -0.4301;   4.727e-15;   -1.7203;   5.445e-36;   -0.4301;   8.017e-17;   -0.4301;   9.410e-14;   -0.9677;   1.486e-26;   -1.7203;   4.909e-13;    0.0000;   1.404e-10;   -0.1075;   1.024e-09;   -0.1075;   1.161e-05;    0.0000;   0.0002706;    0.0000;   0.0002169;    0.0000;   0.0003700;    0.0000;   2.165e-06;   -0.1075;   1.007e-06;   -0.1075;   8.067e-07;   -0.1075;   1.652e-12;   -0.4301
       4.8800;       0.0000;       0.0000;      0.77590;       0.0000;       0.0000;       0.0000;       0.0000;       0.0000;       0.0000;       0.0000;       0.0000;       0.0000;       0.0000;       0.0000;       0.0000;      0.11822;   1.5884e-05;   2.5457e-17;   7.2894e-05;     0.011890;   2.0880e-08;   6.4157e-15;   1.6211e-22;   8.5618e-10;   1.9562e-30;   6.5981e-12;   5.3582e-09;   4.6118e-21;   2.1268e-08;   4.2096e-06;   3.0707e-05;       0.0000;       0.0000;       0.0000;       0.0000;     0.045302;     0.024532;     0.024035;       0.0000;;   0.1000;    0.0000;   1.689e-05;   -0.1075;   1.833e-06;   -0.9677;   3.554e-05;   -0.4301;   0.0003948;   -0.1075;   0.0003388;   -0.1075;   3.320e-06;   -0.1075;   2.856e-08;   -0.1075;       0.000;    0.0000;   1.067e-05;    0.0000;   1.605e-05;   -0.4301;   6.067e-06;   -0.1075;   1.611e-08;    0.0000;   8.423e-08;    0.0000;   4.597e-07;   -0.1075;   9.672e-10;   -0.1075;   5.414e-06;   -0.1075;   7.275e-10;   -1.7203;   1.166e-21;   -0.4301;   3.339e-09;   -0.1075;   5.446e-07;    0.0000;   9.563e-13;    0.0000;   2.938e-19;   -0.1075;   7.425e-27;   -0.4301;   1.961e-14;   -1.7203;   4.480e-35;   -0.4301;   1.511e-16;   -0.4301;   1.227e-13;   -0.9677;   5.281e-26;   -1.7203;   9.741e-13;    0.0000;   1.928e-10;   -0.1075;   1.406e-09;   -0.1075;   8.107e-06;    0.0000;   0.0002200;    0.0000;   0.0002156;    0.0000;   0.0003700;    0.0000;   2.075e-06;   -0.1075;   1.124e-06;   -0.1075;   1.101e-06;   -0.1075;   3.452e-12;   -0.4301
       5.0400;       0.0000;       0.0000;      0.73071;       0.0000;       0.0000;       0.0000;       0.0000;       0.0000;       0.0000;       0.0000;       0.0000;       0.0000;       0.0000;       0.0000;       0.0000;      0.15661;   2.9598e-05;   1.0465e-16;   4.6219e-05;     0.010897;   4.1083e-08;   1.8247e-14;   6.6642e-22;   3.1392e-09;   1.5824e-29;   1.2227e-11;   6.8692e-09;   1.5836e-20;   4.1847e-08;   5.7304e-06;   4.1801e-05;       0.0000;       0.0000;       0.0000;       0.0000;     0.042942;     0.026289;     0.032442;       0.0000;;   0.1000;    0.0000;   1.168e-05;   -0.1075;   2.578e-06;   -0.9677;   3.347e-05;   -0.4301;   0.0003974;   -0.1075;   0.0003856;   -0.1075;   4.758e-06;   -0.1075;   4.127e-08;   -0.1075;       0.000;    0.0000;   1.067e-05;    0.0000;   1.562e-05;   -0.4301;   4.085e-06;   -0.1075;   1.611e-08;    0.0000;   3.923e-08;    0.0000;   6.645e-07;   -0.1075;   1.398e-09;   -0.1075;   7.173e-06;   -0.1075;   1.356e-09;   -1.7203;   4.793e-21;   -0.4301;   2.117e-09;   -0.1075;   4.991e-07;    0.0000;   1.882e-12;    0.0000;   8.357e-19;   -0.1075;   3.052e-26;   -0.4301;   7.189e-14;   -1.7203;   3.624e-34;   -0.4301;   2.800e-16;   -0.4301;   1.573e-13;   -0.9677;   1.813e-25;   -1.7203;   1.917e-12;    0.0000;   2.625e-10;   -0.1075;   1.914e-09;   -0.1075;   5.645e-06;    0.0000;   0.0001732;    0.0000;   0.0002138;    0.0000;   0.0003700;    0.0000;   1.967e-06;   -0.1075;   1.204e-06;   -0.1075;   1.486e-06;   -0.1075;   7.212e-12;   -0.4301
       5.2000;       0.0000;       0.0000;      0.68332;       0.0000;       0.0000;       0.0000;       0.0000;       0.0000;       0.0000;       0.0000;       0.0000;       0.0000;       0.0000;       0.0000;       0.0000;      0.19624;   4.9698e-05;   4.2719e-16;   2.7720e-05;    0.0094466;   8.0268e-08;   5.1530e-14;   2.7203e-21;   1.0298e-08;   1.2620e-28;   2.2339e-11;   8.6828e-09;   5.2862e-20;   8.1760e-08;   7.7457e-06;   5.6502e-05;       0.0000;       0.0000;       0.0000;       0.0000;     0.040342;     0.027178;     0.043331;       0.0000;;   0.1000;    0.0000;   8.082e-06;   -0.1075;   3.455e-06;   -0.9677;   3.130e-05;   -0.4301;   0.0003992;   -0.1075;   0.0004263;   -0.1075;   6.796e-06;   -0.1075;   5.966e-08;   -0.1075;       0.000;    0.0000;   1.067e-05;    0.0000;   1.448e-05;   -0.4301;   2.620e-06;   -0.1075;   1.611e-08;    0.0000;   1.741e-08;    0.0000;   9.606e-07;   -0.1075;   2.021e-09;   -0.1075;   8.988e-06;   -0.1075;   2.276e-09;   -1.7203;   1.957e-20;   -0.4301;   1.270e-09;   -0.1075;   4.327e-07;    0.0000;   3.676e-12;    0.0000;   2.360e-18;   -0.1075;   1.246e-25;   -0.4301;   2.358e-13;   -1.7203;   2.890e-33;   -0.4301;   5.116e-16;   -0.4301;   1.988e-13;   -0.9677;   6.053e-25;   -1.7203;   3.745e-12;    0.0000;   3.548e-10;   -0.1075;   2.588e-09;   -0.1075;   3.924e-06;    0.0000;   0.0001325;    0.0000;   0.0002112;    0.0000;   0.0003699;    0.0000;   1.848e-06;   -0.1075;   1.245e-06;   -0.1075;   1.985e-06;   -0.1075;   1.507e-11;   -0.4301
       5.3600;       0.0000;       0.0000;      0.63553;       0.0000;       0.0000;       0.0000;       0.0000;       0.0000;       0.0000;       0.0000;       0.0000;       0.0000;       0.0000;       0.0000;       0.0000;      0.23423;   7.6123e-05;   1.7343e-15;   1.5836e-05;    0.0078005;   1.5597e-07;   1.4474e-13;   1.1044e-20;   3.0652e-08;   9.9560e-28;   4.0372e-11;   1.0856e-08;   1.7266e-19;   1.5887e-07;   1.0413e-05;   7.5958e-05;       0.0000;       0.0000;       0.0000;       0.0000;     0.037645;     0.027270;     0.057285;       0.0000;;   0.1000;    0.0000;   5.591e-06;   -0.1075;   4.434e-06;   -0.9677;   2.911e-05;   -0.4301;   0.0004006;   -0.1075;   0.0004599;   -0.1075;   9.660e-06;   -0.1075;   8.622e-08;   -0.1075;       0.000;    0.0000;   1.067e-05;    0.0000;   1.286e-05;   -0.4301;   1.609e-06;   -0.1075;   1.611e-08;    0.0000;   7.397e-09;    0.0000;   1.388e-06;   -0.1075;   2.921e-09;   -0.1075;   1.073e-05;   -0.1075;   3.486e-09;   -1.7203;   7.943e-20;   -0.4301;   7.253e-10;   -0.1075;   3.573e-07;    0.0000;   7.144e-12;    0.0000;   6.629e-18;   -0.1075;   5.058e-25;   -0.4301;   7.019e-13;   -1.7203;   2.280e-32;   -0.4301;   9.245e-16;   -0.4301;   2.486e-13;   -0.9677;   1.977e-24;   -1.7203;   7.276e-12;    0.0000;   4.769e-10;   -0.1075;   3.479e-09;   -0.1075;   2.724e-06;    0.0000;   9.888e-05;    0.0000;   0.0002077;    0.0000;   0.0003699;    0.0000;   1.724e-06;   -0.1075;   1.249e-06;   -0.1075;   2.624e-06;   -0.1075;   3.148e-11;   -0.4301
       5.5200;       0.0000;       0.0000;      0.58880;       0.0000;       0.0000;       0.0000;       0.0000;       0.0000;       0.0000;       0.0000;       0.0000;       0.0000;       0.0000;       0.0000;       0.0000;      0.26816;   0.00010769;   7.0140e-15;   8.6774e-06;    0.0061783;   3.0192e-07;   4.0495e-13;   4.4665e-20;   8.3939e-08;   7.7938e-27;   7.2402e-11;   1.3469e-08;   5.5530e-19;   3.0753e-07;   1.3945e-05;   0.00010172;       0.0000;       0.0000;       0.0000;       0.0000;     0.034961;     0.026724;     0.074945;       0.0000;;   0.1000;    0.0000;   3.868e-06;   -0.1075;   5.479e-06;   -0.9677;   2.697e-05;   -0.4301;   0.0004015;   -0.1075;   0.0004864;   -0.1075;   1.364e-05;   -0.1075;   1.246e-07;   -0.1075;       0.000;    0.0000;   1.067e-05;    0.0000;   1.099e-05;   -0.4301;   9.517e-07;   -0.1075;   1.611e-08;    0.0000;   3.027e-09;    0.0000;   2.007e-06;   -0.1075;   4.222e-09;   -0.1075;   1.228e-05;   -0.1075;   4.932e-09;   -1.7203;   3.212e-19;   -0.4301;   3.974e-10;   -0.1075;   2.830e-07;    0.0000;   1.383e-11;    0.0000;   1.855e-17;   -0.1075;   2.046e-24;   -0.4301;   1.922e-12;   -1.7203;   1.785e-31;   -0.4301;   1.658e-15;   -0.4301;   3.085e-13;   -0.9677;   6.358e-24;   -1.7203;   1.408e-11;    0.0000;   6.387e-10;   -0.1075;   4.659e-09;   -0.1075;   1.889e-06;    0.0000;   7.236e-05;    0.0000;   0.0002029;    0.0000;   0.0003699;    0.0000;   1.601e-06;   -0.1075;   1.224e-06;   -0.1075;   3.432e-06;   -0.1075;   6.578e-11;   -0.4301
       5.6800;       0.0000;       0.0000;      0.54376;       0.0000;       0.0000;       0.0000;       0.0000;       0.0000;       0.0000;       0.0000;       0.0000;       0.0000;       0.0000;       0.0000;       0.0000;      0.29630;   0.00014237;   2.8275e-14;   4.5892e-06;    0.0047230;   5.8254e-07;   1.1294e-12;   1.8006e-19;   2.1412e-07;   6.0622e-26;   1.2901e-10;   1.6605e-08;   1.7631e-18;   5.9337e-07;   1.8614e-05;   0.00013578;       0.0000;       0.0000;       0.0000;       0.0000;     0.032343;     0.025707;     0.096861;       0.0000;;   0.1000;    0.0000;   2.676e-06;   -0.1075;   6.555e-06;   -0.9677;   2.490e-05;   -0.4301;   0.0004022;   -0.1075;   0.0005067;   -0.1075;   1.909e-05;   -0.1075;   1.801e-07;   -0.1075;       0.000;    0.0000;   1.067e-05;    0.0000;   9.099e-06;   -0.4301;   5.450e-07;   -0.1075;   1.611e-08;    0.0000;   1.199e-09;    0.0000;   2.901e-06;   -0.1075;   6.103e-09;   -0.1075;   1.357e-05;   -0.1075;   6.521e-09;   -1.7203;   1.295e-18;   -0.4301;   2.102e-10;   -0.1075;   2.163e-07;    0.0000;   2.668e-11;    0.0000;   5.173e-17;   -0.1075;   8.247e-24;   -0.4301;   4.903e-12;   -1.7203;   1.388e-30;   -0.4301;   2.954e-15;   -0.4301;   3.802e-13;   -0.9677;   2.019e-23;   -1.7203;   2.718e-11;    0.0000;   8.525e-10;   -0.1075;   6.219e-09;   -0.1075;   1.309e-06;    0.0000;   5.214e-05;    0.0000;   0.0001965;    0.0000;   0.0003698;    0.0000;   1.481e-06;   -0.1075;   1.177e-06;   -0.1075;   4.436e-06;   -0.1075;   1.374e-10;   -0.4301
       5.8400;       0.0000;       0.0000;      0.50077;       0.0000;       0.0000;       0.0000;       0.0000;       0.0000;       0.0000;       0.0000;       0.0000;       0.0000;       0.0000;       0.0000;       0.0000;      0.31778;   0.00017782;   1.1367e-13;   2.3558e-06;    0.0035044;   1.1209e-06;   3.1411e-12;   7.2384e-19;   5.1457e-07;   4.6892e-25;   2.2861e-10;   2.0356e-08;   5.5363e-18;   1.1417e-06;   2.4779e-05;   0.00018075;       0.0000;       0.0000;       0.0000;       0.0000;     0.029824;     0.024379;      0.12335;       0.0000;;   0.1000;    0.0000;   1.851e-06;   -0.1075;   7.634e-06;   -0.9677;   2.294e-05;   -0.4301;   0.0004027;   -0.1075;   0.0005217;   -0.1075;   2.640e-05;   -0.1075;   2.603e-07;   -0.1075;       0.000;    0.0000;   1.067e-05;    0.0000;   7.331e-06;   -0.4301;   3.038e-07;   -0.1075;   1.611e-08;    0.0000;   4.624e-10;    0.0000;   4.193e-06;   -0.1075;   8.821e-09;   -0.1075;   1.455e-05;   -0.1075;   8.144e-09;   -1.7203;   5.206e-18;   -0.4301;   1.079e-10;   -0.1075;   1.605e-07;    0.0000;   5.134e-11;    0.0000;   1.439e-16;   -0.1075;   3.315e-23;   -0.4301;   1.178e-11;   -1.7203;   1.074e-29;   -0.4301;   5.235e-15;   -0.4301;   4.662e-13;   -0.9677;   6.339e-23;   -1.7203;   5.229e-11;    0.0000;   1.135e-09;   -0.1075;   8.278e-09;   -0.1075;   9.068e-07;    0.0000;   3.715e-05;    0.0000;   0.0001880;    0.0000;   0.0003697;    0.0000;   1.366e-06;   -0.1075;   1.117e-06;   -0.1075;   5.649e-06;   -0.1075;   2.871e-10;   -0.4301
       6.0000;       0.0000;       0.0000;      0.45997;       0.0000;       0.0000;       0.0000;       0.0000;       0.0000;       0.0000;       0.0000;       0.0000;       0.0000;       0.0000;       0.0000;       0.0000;      0.33247;   0.00021190;   4.5575e-13;   1.1796e-06;    0.0025365;   2.1510e-06;   8.7129e-12;   2.9022e-18;   1.1767e-06;   3.6080e-24;   4.0296e-10;   2.4824e-08;   1.7201e-17;   2.1910e-06;   3.2898e-05;   0.00023997;       0.0000;       0.0000;       0.0000;       0.0000;     0.027420;     0.022863;      0.15422;       0.0000;;   0.1000;    0.0000;   1.281e-06;   -0.1075;   8.695e-06;   -0.9677;   2.107e-05;   -0.4301;   0.0004031;   -0.1075;   0.0005327;   -0.1075;   3.593e-05;   -0.1075;   3.761e-07;   -0.1075;       0.000;    0.0000;   1.067e-05;    0.0000;   5.777e-06;   -0.4301;   1.656e-07;   -0.1075;   1.611e-08;    0.0000;   1.744e-10;    0.0000;   6.061e-06;   -0.1075;   1.275e-08;   -0.1075;   1.523e-05;   -0.1075;   9.705e-09;   -1.7203;   2.087e-17;   -0.4301;   5.403e-11;   -0.1075;   1.162e-07;    0.0000;   9.852e-11;    0.0000;   3.991e-16;   -0.1075;   1.329e-22;   -0.4301;   2.695e-11;   -1.7203;   8.262e-29;   -0.4301;   9.228e-15;   -0.4301;   5.685e-13;   -0.9677;   1.970e-22;   -1.7203;   1.003e-10;    0.0000;   1.507e-09;   -0.1075;   1.099e-08;   -0.1075;   6.279e-07;    0.0000;   2.624e-05;    0.0000;   0.0001770;    0.0000;   0.0003696;    0.0000;   1.256e-06;   -0.1075;   1.047e-06;   -0.1075;   7.063e-06;   -0.1075;   5.999e-10;   -0.4301
       6.1600;       0.0000;       0.0000;      0.42164;       0.0000;       0.0000;       0.0000;       0.0000;       0.0000;       0.0000;       0.0000;       0.0000;       0.0000;       0.0000;       0.0000;       0.0000;      0.34087;   0.00024299;   1.8237e-12;   5.7888e-07;    0.0017991;   4.1197e-06;   2.4120e-11;   1.1613e-17;   2.5844e-06;   2.7650e-23;   7.0746e-10;   3.0151e-08;   5.3019e-17;   4.1963e-06;   4.3590e-05;   0.00031797;       0.0000;       0.0000;       0.0000;       0.0000;     0.025154;     0.021269;      0.18865;       0.0000;;   0.1000;    0.0000;   8.862e-07;   -0.1075;   9.725e-06;   -0.9677;   1.931e-05;   -0.4301;   0.0004034;   -0.1075;   0.0005406;   -0.1075;   4.795e-05;   -0.1075;   5.434e-07;   -0.1075;       0.000;    0.0000;   1.067e-05;    0.0000;   4.470e-06;   -0.4301;   8.866e-08;   -0.1075;   1.611e-08;    0.0000;   6.460e-11;    0.0000;   8.760e-06;   -0.1075;   1.843e-08;   -0.1075;   1.561e-05;   -0.1075;   1.113e-08;   -1.7203;   8.352e-17;   -0.4301;   2.651e-11;   -0.1075;   8.240e-08;    0.0000;   1.887e-10;    0.0000;   1.105e-15;   -0.1075;   5.319e-22;   -0.4301;   5.918e-11;   -1.7203;   6.332e-28;   -0.4301;   1.620e-14;   -0.4301;   6.905e-13;   -0.9677;   6.071e-22;   -1.7203;   1.922e-10;    0.0000;   1.996e-09;   -0.1075;   1.456e-08;   -0.1075;   4.347e-07;    0.0000;   1.842e-05;    0.0000;   0.0001634;    0.0000;   0.0003695;    0.0000;   1.152e-06;   -0.1075;   9.741e-07;   -0.1075;   8.640e-06;   -0.1075;   1.253e-09;   -0.4301
       6.3200;       0.0000;       0.0000;      0.38623;       0.0000;       0.0000;       0.0000;       0.0000;       0.0000;       0.0000;       0.0000;       0.0000;       0.0000;       0.0000;       0.0000;       0.0000;      0.34394;   0.00027007;   7.2920e-12;   2.7956e-07;    0.0012559;   7.8843e-06;   6.6724e-11;   4.6435e-17;   5.4972e-06;   2.1160e-22;   1.2402e-09;   3.6569e-08;   1.6295e-16;   8.0309e-06;   5.7715e-05;   0.00042100;       0.0000;       0.0000;       0.0000;       0.0000;     0.023055;     0.019685;      0.22506;       0.0000;;   0.1000;    0.0000;   6.131e-07;   -0.1075;   1.071e-05;   -0.9677;   1.769e-05;   -0.4301;   0.0004036;   -0.1075;   0.0005462;   -0.1075;   6.245e-05;   -0.1075;   7.849e-07;   -0.1075;       0.000;    0.0000;   1.067e-05;    0.0000;   3.406e-06;   -0.4301;   4.674e-08;   -0.1075;   1.611e-08;    0.0000;   2.356e-11;    0.0000;   1.266e-05;   -0.1075;   2.664e-08;   -0.1075;   1.575e-05;   -0.1075;   1.237e-08;   -1.7203;   3.340e-16;   -0.4301;   1.280e-11;   -0.1075;   5.752e-08;    0.0000;   3.611e-10;    0.0000;   3.056e-15;   -0.1075;   2.127e-21;   -0.4301;   1.259e-10;   -1.7203;   4.846e-27;   -0.4301;   2.840e-14;   -0.4301;   8.374e-13;   -0.9677;   1.866e-21;   -1.7203;   3.678e-10;    0.0000;   2.643e-09;   -0.1075;   1.928e-08;   -0.1075;   3.009e-07;    0.0000;   1.288e-05;    0.0000;   0.0001472;    0.0000;   0.0003692;    0.0000;   1.056e-06;   -0.1075;   9.016e-07;   -0.1075;   1.031e-05;   -0.1075;   2.619e-09;   -0.4301
       6.4800;       0.0000;       0.0000;      0.35440;       0.0000;       0.0000;       0.0000;       0.0000;       0.0000;       0.0000;       0.0000;       0.0000;       0.0000;       0.0000;       0.0000;       0.0000;      0.34295;   0.00029264;   2.9208e-11;   1.3342e-07;   0.00086638;   1.5115e-05;   1.8490e-10;   1.8599e-16;   1.1419e-05;   1.6248e-21;   2.1818e-09;   4.4505e-08;   5.0424e-16;   1.5396e-05;   7.6548e-05;   0.00055839;       0.0000;       0.0000;       0.0000;       0.0000;     0.021164;     0.018194;      0.26145;       0.0000;;   0.1000;    0.0000;   4.242e-07;   -0.1075;   1.164e-05;   -0.9677;   1.623e-05;   -0.4301;   0.0004038;   -0.1075;   0.0005502;   -0.1075;   7.906e-05;   -0.1075;   1.133e-06;   -0.1075;       0.000;    0.0000;   1.067e-05;    0.0000;   2.561e-06;   -0.4301;   2.431e-08;   -0.1075;   1.611e-08;    0.0000;   8.478e-12;    0.0000;   1.830e-05;   -0.1075;   3.851e-08;   -0.1075;   1.571e-05;   -0.1075;   1.340e-08;   -1.7203;   1.338e-15;   -0.4301;   6.111e-12;   -0.1075;   3.968e-08;    0.0000;   6.923e-10;    0.0000;   8.468e-15;   -0.1075;   8.518e-21;   -0.4301;   2.615e-10;   -1.7203;   3.721e-26;   -0.4301;   4.996e-14;   -0.4301;   1.019e-12;   -0.9677;   5.774e-21;   -1.7203;   7.051e-10;    0.0000;   3.506e-09;   -0.1075;   2.557e-08;   -0.1075;   2.083e-07;    0.0000;   8.974e-06;    0.0000;   0.0001290;    0.0000;   0.0003689;    0.0000;   9.693e-07;   -0.1075;   8.333e-07;   -0.1075;   1.197e-05;   -0.1075;   5.471e-09;   -0.4301
       6.6400;       0.0000;       0.0000;      0.32676;       0.0000;       0.0000;       0.0000;       0.0000;       0.0000;       0.0000;       0.0000;       0.0000;       0.0000;       0.0000;       0.0000;       0.0000;      0.33929;   0.00031065;   1.1755e-10;   6.3178e-08;   0.00059299;   2.9117e-05;   5.1484e-10;   7.4856e-16;   2.3351e-05;   1.2597e-20;   3.8750e-09;   5.4686e-08;   1.5906e-15;   2.9658e-05;   0.00010202;   0.00074416;       0.0000;       0.0000;       0.0000;       0.0000;     0.019520;     0.016860;      0.29574;       0.0000;;   0.1000;    0.0000;   2.934e-07;   -0.1075;   1.249e-05;   -0.9677;   1.497e-05;   -0.4301;   0.0004040;   -0.1075;   0.0005530;   -0.1075;   9.700e-05;   -0.1075;   1.636e-06;   -0.1075;       0.000;    0.0000;   1.067e-05;    0.0000;   1.901e-06;   -0.4301;   1.249e-08;   -0.1075;   1.611e-08;    0.0000;   3.012e-12;    0.0000;   2.646e-05;   -0.1075;   5.566e-08;   -0.1075;   1.554e-05;   -0.1075;   1.423e-08;   -1.7203;   5.384e-15;   -0.4301;   2.894e-12;   -0.1075;   2.716e-08;    0.0000;   1.334e-09;    0.0000;   2.358e-14;   -0.1075;   3.428e-20;   -0.4301;   5.347e-10;   -1.7203;   2.885e-25;   -0.4301;   8.874e-14;   -0.4301;   1.252e-12;   -0.9677;   1.821e-20;   -1.7203;   1.358e-09;    0.0000;   4.672e-09;   -0.1075;   3.408e-08;   -0.1075;   1.442e-07;    0.0000;   6.240e-06;    0.0000;   0.0001095;    0.0000;   0.0003684;    0.0000;   8.940e-07;   -0.1075;   7.722e-07;   -0.1075;   1.354e-05;   -0.1075;   1.143e-08;   -0.4301
       6.8000;       0.0000;       0.0000;      0.30363;       0.0000;       0.0000;       0.0000;       0.0000;       0.0000;       0.0000;       0.0000;       0.0000;       0.0000;       0.0000;       0.0000;       0.0000;      0.33423;   0.00032441;   4.7681e-10;   2.9788e-08;   0.00040413;   5.6528e-05;   1.4447e-09;   3.0363e-15;   4.7343e-05;   9.9199e-20;   6.9905e-09;   6.8251e-08;   5.1765e-15;   5.7579e-05;   0.00013702;   0.00099950;       0.0000;       0.0000;       0.0000;       0.0000;     0.018143;     0.015722;      0.32625;       0.0000;;   0.1000;    0.0000;   2.030e-07;   -0.1075;   1.324e-05;   -0.9677;   1.391e-05;   -0.4301;   0.0004041;   -0.1075;   0.0005549;   -0.1075;   0.0001152;   -0.1075;   2.360e-06;   -0.1075;       0.000;    0.0000;   1.067e-05;    0.0000;   1.394e-06;   -0.4301;   6.335e-09;   -0.1075;   1.611e-08;    0.0000;   1.057e-12;    0.0000;   3.824e-05;   -0.1075;   8.045e-08;   -0.1075;   1.531e-05;   -0.1075;   1.486e-08;   -1.7203;   2.184e-14;   -0.4301;   1.364e-12;   -0.1075;   1.851e-08;    0.0000;   2.589e-09;    0.0000;   6.617e-14;   -0.1075;   1.391e-19;   -0.4301;   1.084e-09;   -1.7203;   2.272e-24;   -0.4301;   1.601e-13;   -0.4301;   1.563e-12;   -0.9677;   5.927e-20;   -1.7203;   2.637e-09;    0.0000;   6.276e-09;   -0.1075;   4.578e-08;   -0.1075;   9.975e-08;    0.0000;   4.332e-06;    0.0000;   8.990e-05;    0.0000;   0.0003676;    0.0000;   8.310e-07;   -0.1075;   7.201e-07;   -0.1075;   1.494e-05;   -0.1075;   2.388e-08;   -0.4301
       6.9600;       0.0000;       0.0000;      0.28495;       0.0000;       0.0000;       0.0000;       0.0000;       0.0000;       0.0000;       0.0000;       0.0000;       0.0000;       0.0000;       0.0000;       0.0000;      0.32878;   0.00033452;   1.9533e-09;   1.4025e-08;   0.00027504;   0.00011084;   4.0946e-09;   1.2439e-14;   9.5719e-05;   7.9681e-19;   1.2863e-08;   8.6887e-08;   1.7528e-14;   0.00011290;   0.00018587;    0.0013558;       0.0000;       0.0000;       0.0000;       0.0000;     0.017031;     0.014791;      0.35197;       0.0000;;   0.1000;    0.0000;   1.404e-07;   -0.1075;   1.388e-05;   -0.9677;   1.305e-05;   -0.4301;   0.0004042;   -0.1075;   0.0005563;   -0.1075;   0.0001324;   -0.1075;   3.402e-06;   -0.1075;       0.000;    0.0000;   1.067e-05;    0.0000;   1.011e-06;   -0.4301;   3.178e-09;   -0.1075;   1.611e-08;    0.0000;   3.670e-13;    0.0000;   5.527e-05;   -0.1075;   1.163e-07;   -0.1075;   1.506e-05;   -0.1075;   1.532e-08;   -1.7203;   8.946e-14;   -0.4301;   6.424e-13;   -0.1075;   1.260e-08;    0.0000;   5.076e-09;    0.0000;   1.875e-13;   -0.1075;   5.697e-19;   -0.4301;   2.192e-09;   -1.7203;   1.825e-23;   -0.4301;   2.946e-13;   -0.4301;   1.990e-12;   -0.9677;   2.007e-19;   -1.7203;   5.171e-09;    0.0000;   8.513e-09;   -0.1075;   6.210e-08;   -0.1075;   6.903e-08;    0.0000;   3.005e-06;    0.0000;   7.150e-05;    0.0000;   0.0003666;    0.0000;   7.800e-07;   -0.1075;   6.774e-07;   -0.1075;   1.612e-05;   -0.1075;   4.990e-08;   -0.4301
       7.1200;       0.0000;       0.0000;      0.27030;       0.0000;       0.0000;       0.0000;       0.0000;       0.0000;       0.0000;       0.0000;       0.0000;       0.0000;       0.0000;       0.0000;       0.0000;      0.32362;   0.00034165;   8.0880e-09;   6.6074e-09;   0.00018729;   0.00021966;   1.1730e-08;   5.1504e-14;   0.00019375;   6.5388e-18;   2.4182e-08;   1.1301e-07;   6.1948e-14;   0.00022375;   0.00025485;    0.0018590;       0.0000;       0.0000;       0.0000;       0.0000;     0.016157;     0.014055;      0.37260;       0.0000;;   0.1000;    0.0000;   9.717e-08;   -0.1075;   1.440e-05;   -0.9677;   1.238e-05;   -0.4301;   0.0004042;   -0.1075;   0.0005573;   -0.1075;   0.0001477;   -0.1075;   4.897e-06;   -0.1075;       0.000;    0.0000;   1.067e-05;    0.0000;   7.258e-07;   -0.4301;   1.579e-09;   -0.1075;   1.611e-08;    0.0000;   1.261e-13;    0.0000;   7.990e-05;   -0.1075;   1.681e-07;   -0.1075;   1.482e-05;   -0.1075;   1.565e-08;   -1.7203;   3.704e-13;   -0.4301;   3.026e-13;   -0.1075;   8.578e-09;    0.0000;   1.006e-08;    0.0000;   5.372e-13;   -0.1075;   2.359e-18;   -0.4301;   4.437e-09;   -1.7203;   1.497e-22;   -0.4301;   5.538e-13;   -0.4301;   2.588e-12;   -0.9677;   7.093e-19;   -1.7203;   1.025e-08;    0.0000;   1.167e-08;   -0.1075;   8.514e-08;   -0.1075;   4.776e-08;    0.0000;   2.082e-06;    0.0000;   5.520e-05;    0.0000;   0.0003651;    0.0000;   7.400e-07;   -0.1075;   6.437e-07;   -0.1075;   1.706e-05;   -0.1075;   1.043e-07;   -0.4301
       7.2800;       0.0000;       0.0000;      0.25901;       0.0000;       0.0000;       0.0000;       0.0000;       0.0000;       0.0000;       0.0000;       0.0000;       0.0000;       0.0000;       0.0000;       0.0000;      0.31901;   0.00034647;   3.3831e-08;   3.1175e-09;   0.00012773;   0.00043978;   3.3944e-08;   2.1544e-13;   0.00039337;   5.4758e-17;   4.6393e-08;   1.4999e-07;   2.2800e-13;   0.00044796;   0.00035299;    0.0025749;       0.0000;       0.0000;       0.0000;       0.0000;     0.015484;     0.013484;      0.38832;       0.0000;;   0.1000;    0.0000;   6.722e-08;   -0.1075;   1.482e-05;   -0.9677;   1.186e-05;   -0.4301;   0.0004043;   -0.1075;   0.0005579;   -0.1075;   0.0001607;   -0.1075;   7.037e-06;   -0.1075;       0.000;    0.0000;   1.067e-05;    0.0000;   5.166e-07;   -0.4301;   7.773e-10;   -0.1075;   1.611e-08;    0.0000;   4.296e-14;    0.0000;   0.0001155;   -0.1075;   2.430e-07;   -0.1075;   1.461e-05;   -0.1075;   1.587e-08;   -1.7203;   1.549e-12;   -0.4301;   1.428e-13;   -0.1075;   5.850e-09;    0.0000;   2.014e-08;    0.0000;   1.555e-12;   -0.1075;   9.867e-18;   -0.4301;   9.008e-09;   -1.7203;   1.254e-21;   -0.4301;   1.062e-12;   -0.4301;   3.435e-12;   -0.9677;   2.611e-18;   -1.7203;   2.052e-08;    0.0000;   1.617e-08;   -0.1075;   1.179e-07;   -0.1075;   3.305e-08;    0.0000;   1.442e-06;    0.0000;   4.154e-05;    0.0000;   0.0003630;    0.0000;   7.092e-07;   -0.1075;   6.176e-07;   -0.1075;   1.778e-05;   -0.1075;   2.178e-07;   -0.4301
       7.4400;       0.0000;       0.0000;      0.25031;       0.0000;       0.0000;       0.0000;       0.0000;       0.0000;       0.0000;       0.0000;       0.0000;       0.0000;       0.0000;       0.0000;       0.0000;      0.31496;   0.00034947;   1.4272e-07;   1.4732e-09;   8.7244e-05;   0.00088795;   9.9062e-08;   9.0880e-13;   0.00080111;   4.6640e-16;   9.0522e-08;   2.0247e-07;   8.6803e-13;   0.00090446;   0.00049307;    0.0035967;       0.0000;       0.0000;       0.0000;       0.0000;     0.014965;     0.013042;      0.39961;       0.0000;;   0.1000;    0.0000;   4.651e-08;   -0.1075;   1.514e-05;   -0.9677;   1.146e-05;   -0.4301;   0.0004043;   -0.1075;   0.0005584;   -0.1075;   0.0001711;   -0.1075;   1.009e-05;   -0.1075;       0.000;    0.0000;   1.067e-05;    0.0000;   3.651e-07;   -0.4301;   3.801e-10;   -0.1075;   1.611e-08;    0.0000;   1.453e-14;    0.0000;   0.0001669;   -0.1075;   3.512e-07;   -0.1075;   1.443e-05;   -0.1075;   1.601e-08;   -1.7203;   6.536e-12;   -0.4301;   6.747e-14;   -0.1075;   3.996e-09;    0.0000;   4.067e-08;    0.0000;   4.537e-12;   -0.1075;   4.162e-17;   -0.4301;   1.835e-08;   -1.7203;   1.068e-20;   -0.4301;   2.073e-12;   -0.4301;   4.637e-12;   -0.9677;   9.939e-18;   -1.7203;   4.142e-08;    0.0000;   2.258e-08;   -0.1075;   1.647e-07;   -0.1075;   2.287e-08;    0.0000;   9.987e-07;    0.0000;   3.060e-05;    0.0000;   0.0003599;    0.0000;   6.854e-07;   -0.1075;   5.973e-07;   -0.1075;   1.830e-05;   -0.1075;   4.551e-07;   -0.4301
       7.6000;       0.0000;       0.0000;      0.24333;       0.0000;       0.0000;       0.0000;       0.0000;       0.0000;       0.0000;       0.0000;       0.0000;       0.0000;       0.0000;       0.0000;       0.0000;      0.31115;   0.00035085;   6.0561e-07;   6.9659e-10;   5.9629e-05;    0.0018035;   2.9082e-07;   3.8565e-12;    0.0016335;   4.0197e-15;   1.7873e-07;   2.7657e-07;   3.3839e-12;    0.0018370;   0.00069284;    0.0050539;       0.0000;       0.0000;       0.0000;       0.0000;     0.014549;     0.012686;      0.40685;       0.0000;;   0.1000;    0.0000;   3.218e-08;   -0.1075;   1.538e-05;   -0.9677;   1.114e-05;   -0.4301;   0.0004043;   -0.1075;   0.0005587;   -0.1075;   0.0001792;   -0.1075;   1.440e-05;   -0.1075;       0.000;    0.0000;   1.067e-05;    0.0000;   2.567e-07;   -0.4301;   1.849e-10;   -0.1075;   1.611e-08;    0.0000;   4.890e-15;    0.0000;   0.0002413;   -0.1075;   5.076e-07;   -0.1075;   1.425e-05;   -0.1075;   1.607e-08;   -1.7203;   2.774e-11;   -0.4301;   3.190e-14;   -0.1075;   2.731e-09;    0.0000;   8.260e-08;    0.0000;   1.332e-11;   -0.1075;   1.766e-16;   -0.4301;   3.741e-08;   -1.7203;   9.205e-20;   -0.4301;   4.093e-12;   -0.4301;   6.333e-12;   -0.9677;   3.875e-17;   -1.7203;   8.413e-08;    0.0000;   3.173e-08;   -0.1075;   2.315e-07;   -0.1075;   1.582e-08;    0.0000;   6.913e-07;    0.0000;   2.217e-05;    0.0000;   0.0003556;    0.0000;   6.663e-07;   -0.1075;   5.810e-07;   -0.1075;   1.863e-05;   -0.1075;   9.508e-07;   -0.4301
       7.7600;       0.0000;       0.0000;      0.23713;       0.0000;       0.0000;       0.0000;       0.0000;       0.0000;       0.0000;       0.0000;       0.0000;       0.0000;       0.0000;       0.0000;       0.0000;      0.30699;   0.00035046;   2.5762e-06;   3.2895e-10;   4.0701e-05;    0.0036720;   8.5590e-07;   1.6405e-11;    0.0033223;   3.4816e-14;   3.5463e-07;   3.7965e-07;   1.3323e-11;    0.0037403;   0.00097594;    0.0071191;       0.0000;       0.0000;       0.0000;       0.0000;     0.014179;     0.012367;      0.41011;       0.0000;;   0.1000;    0.0000;   2.226e-08;   -0.1075;   1.557e-05;   -0.9677;   1.086e-05;   -0.4301;   0.0004043;   -0.1075;   0.0005590;   -0.1075;   0.0001854;   -0.1075;   2.046e-05;   -0.1075;       0.000;    0.0000;   1.067e-05;    0.0000;   1.798e-07;   -0.4301;   8.958e-11;   -0.1075;   1.611e-08;    0.0000;   1.639e-15;    0.0000;   0.0003488;   -0.1075;   7.337e-07;   -0.1075;   1.406e-05;   -0.1075;   1.605e-08;   -1.7203;   1.180e-10;   -0.4301;   1.507e-14;   -0.1075;   1.864e-09;    0.0000;   1.682e-07;    0.0000;   3.920e-11;   -0.1075;   7.514e-16;   -0.4301;   7.608e-08;   -1.7203;   7.973e-19;   -0.4301;   8.121e-12;   -0.4301;   8.694e-12;   -0.9677;   1.525e-16;   -1.7203;   1.713e-07;    0.0000;   4.470e-08;   -0.1075;   3.261e-07;   -0.1075;   1.095e-08;    0.0000;   4.785e-07;    0.0000;   1.587e-05;    0.0000;   0.0003495;    0.0000;   6.494e-07;   -0.1075;   5.664e-07;   -0.1075;   1.878e-05;   -0.1075;   1.986e-06;   -0.4301
       7.9200;       0.0000;       0.0000;      0.23052;       0.0000;       0.0000;       0.0000;       0.0000;       0.0000;       0.0000;       0.0000;       0.0000;       0.0000;       0.0000;       0.0000;       0.0000;      0.30142;   0.00034755;   1.0932e-05;   1.5459e-10;   2.7648e-05;    0.0074581;   2.5127e-06;   6.9616e-11;    0.0066917;   3.0008e-13;   7.0021e-07;   5.1860e-07;   5.1938e-11;    0.0075967;    0.0013713;     0.010003;       0.0000;       0.0000;       0.0000;       0.0000;     0.013785;     0.012026;      0.40873;       0.0000;;   0.1000;    0.0000;   1.540e-08;   -0.1075;   1.573e-05;   -0.9677;   1.056e-05;   -0.4301;   0.0004044;   -0.1075;   0.0005591;   -0.1075;   0.0001900;   -0.1075;   2.887e-05;   -0.1075;       0.000;    0.0000;   1.067e-05;    0.0000;   1.256e-07;   -0.4301;   4.331e-11;   -0.1075;   1.611e-08;    0.0000;   5.483e-16;    0.0000;   0.0005041;   -0.1075;   1.061e-06;   -0.1075;   1.381e-05;   -0.1075;   1.592e-08;   -1.7203;   5.007e-10;   -0.4301;   7.080e-15;   -0.1075;   1.266e-09;    0.0000;   3.416e-07;    0.0000;   1.151e-10;   -0.1075;   3.188e-15;   -0.4301;   1.532e-07;   -1.7203;   6.872e-18;   -0.4301;   1.603e-11;   -0.4301;   1.188e-11;   -0.9677;   5.947e-16;   -1.7203;   3.479e-07;    0.0000;   6.281e-08;   -0.1075;   4.582e-07;   -0.1075;   7.573e-09;    0.0000;   3.311e-07;    0.0000;   1.125e-05;    0.0000;   0.0003411;    0.0000;   6.313e-07;   -0.1075;   5.508e-07;   -0.1075;   1.872e-05;   -0.1075;   4.150e-06;   -0.4301
       8.0800;       0.0000;       0.0000;      0.22184;       0.0000;       0.0000;       0.0000;       0.0000;       0.0000;       0.0000;       0.0000;       0.0000;       0.0000;       0.0000;       0.0000;       0.0000;      0.29269;   0.00034052;   4.5923e-05;   7.1846e-11;   1.8573e-05;     0.014995;   7.3025e-06;   2.9244e-10;     0.013182;   2.5344e-12;   1.3548e-06;   6.9420e-07;   1.9444e-10;     0.015274;    0.0019075;     0.013915;       0.0000;       0.0000;       0.0000;       0.0000;     0.013266;     0.011576;      0.40094;       0.0000;;   0.1000;    0.0000;   1.065e-08;   -0.1075;   1.587e-05;   -0.9677;   1.016e-05;   -0.4301;   0.0004044;   -0.1075;   0.0005592;   -0.1075;   0.0001937;   -0.1075;   4.033e-05;   -0.1075;       0.000;    0.0000;   1.067e-05;    0.0000;   8.770e-08;   -0.4301;   2.091e-11;   -0.1075;   1.611e-08;    0.0000;   1.832e-16;    0.0000;   0.0007287;   -0.1075;   1.533e-06;   -0.1075;   1.341e-05;   -0.1075;   1.560e-08;   -1.7203;   2.103e-09;   -0.4301;   3.291e-15;   -0.1075;   8.506e-10;    0.0000;   6.868e-07;    0.0000;   3.345e-10;   -0.1075;   1.339e-14;   -0.4301;   3.019e-07;   -1.7203;   5.804e-17;   -0.4301;   3.103e-11;   -0.4301;   1.590e-11;   -0.9677;   2.226e-15;   -1.7203;   6.995e-07;    0.0000;   8.737e-08;   -0.1075;   6.373e-07;   -0.1075;   5.239e-09;    0.0000;   2.291e-07;    0.0000;   7.936e-06;    0.0000;   0.0003297;    0.0000;   6.076e-07;   -0.1075;   5.302e-07;   -0.1075;   1.836e-05;   -0.1075;   8.671e-06;   -0.4301
       8.2400;       0.0000;       0.0000;      0.20870;       0.0000;       0.0000;       0.0000;       0.0000;       0.0000;       0.0000;       0.0000;       0.0000;       0.0000;       0.0000;       0.0000;       0.0000;      0.27813;   0.00032683;   0.00018859;   3.2677e-11;   1.2210e-05;     0.029475;   2.0748e-05;   1.2010e-09;     0.024869;   2.0458e-11;   2.5054e-06;   8.8812e-07;   6.6492e-10;     0.030022;    0.0025940;     0.018922;       0.0000;       0.0000;       0.0000;       0.0000;     0.012482;     0.010892;      0.38336;       0.0000;;   0.1000;    0.0000;   7.371e-09;   -0.1075;   1.603e-05;   -0.9677;   9.559e-06;   -0.4301;   0.0004044;   -0.1075;   0.0005593;   -0.1075;   0.0001969;   -0.1075;   5.559e-05;   -0.1075;       0.000;    0.0000;   1.067e-05;    0.0000;   6.129e-08;   -0.4301;   1.011e-11;   -0.1075;   1.611e-08;    0.0000;   6.127e-17;    0.0000;    0.001053;   -0.1075;   2.216e-06;   -0.1075;   1.274e-05;   -0.1075;   1.497e-08;   -1.7203;   8.638e-09;   -0.4301;   1.497e-15;   -0.1075;   5.592e-10;    0.0000;   1.350e-06;    0.0000;   9.502e-10;   -0.1075;   5.500e-14;   -0.4301;   5.695e-07;   -1.7203;   4.685e-16;   -0.4301;   5.737e-11;   -0.4301;   2.034e-11;   -0.9677;   7.613e-15;   -1.7203;   1.375e-06;    0.0000;   1.188e-07;   -0.1075;   8.666e-07;   -0.1075;   3.625e-09;    0.0000;   1.585e-07;    0.0000;   5.580e-06;    0.0000;   0.0003144;    0.0000;   5.717e-07;   -0.1075;   4.989e-07;   -0.1075;   1.756e-05;   -0.1075;   1.812e-05;   -0.4301
       8.4000;       0.0000;       0.0000;      0.18823;       0.0000;       0.0000;       0.0000;       0.0000;       0.0000;       0.0000;       0.0000;       0.0000;       0.0000;       0.0000;       0.0000;       0.0000;      0.25462;   0.00030372;   0.00074247;   1.4318e-11;   7.7335e-06;     0.055539;   5.6509e-05;   4.7280e-09;     0.043548;   1.5177e-10;   4.2577e-06;   1.0442e-06;   1.9203e-09;     0.056572;    0.0033816;     0.024667;       0.0000;       0.0000;       0.0000;       0.0000;     0.011259;    0.0098255;      0.35124;       0.0000;;   0.1000;    0.0000;   5.099e-09;   -0.1075;   1.627e-05;   -0.9677;   8.621e-06;   -0.4301;   0.0004045;   -0.1075;   0.0005594;   -0.1075;   0.0002000;   -0.1075;   7.531e-05;   -0.1075;       0.000;    0.0000;   1.067e-05;    0.0000;   4.304e-08;   -0.4301;   4.912e-12;   -0.1075;   1.611e-08;    0.0000;   2.060e-17;    0.0000;    0.001522;   -0.1075;   3.203e-06;   -0.1075;   1.166e-05;   -0.1075;   1.391e-08;   -1.7203;   3.401e-08;   -0.4301;   6.558e-16;   -0.1075;   3.542e-10;    0.0000;   2.544e-06;    0.0000;   2.588e-09;   -0.1075;   2.165e-13;   -0.4301;   9.972e-07;   -1.7203;   3.475e-15;   -0.4301;   9.750e-11;   -0.4301;   2.391e-11;   -0.9677;   2.199e-14;   -1.7203;   2.591e-06;    0.0000;   1.549e-07;   -0.1075;   1.130e-06;   -0.1075;   2.508e-09;    0.0000;   1.097e-07;    0.0000;   3.922e-06;    0.0000;   0.0002947;    0.0000;   5.157e-07;   -0.1075;   4.500e-07;   -0.1075;   1.609e-05;   -0.1075;   3.785e-05;   -0.4301
       8.5600;       0.0000;       0.0000;      0.15845;       0.0000;       0.0000;       0.0000;       0.0000;       0.0000;       0.0000;       0.0000;       0.0000;       0.0000;       0.0000;       0.0000;       0.0000;      0.22037;   0.00027025;    0.0027283;   5.9313e-12;   4.6305e-06;     0.097682;   0.00014366;   1.7374e-08;     0.068152;   9.8085e-10;   6.3038e-06;   1.0696e-06;   4.2095e-09;     0.099498;    0.0041147;     0.030015;       0.0000;       0.0000;       0.0000;       0.0000;    0.0094798;    0.0082728;      0.30081;       0.0000;;   0.1000;    0.0000;   3.528e-09;   -0.1075;   1.673e-05;   -0.9677;   7.257e-06;   -0.4301;   0.0004046;   -0.1075;   0.0005595;   -0.1075;   0.0002035;   -0.1075;   9.981e-05;   -0.1075;       0.000;    0.0000;   1.067e-05;    0.0000;   3.061e-08;   -0.4301;   2.417e-12;   -0.1075;   1.611e-08;    0.0000;   7.012e-18;    0.0000;    0.002200;   -0.1075;   4.629e-06;   -0.1075;   1.009e-05;   -0.1075;   1.238e-08;   -1.7203;   1.250e-07;   -0.4301;   2.717e-16;   -0.1075;   2.121e-10;    0.0000;   4.474e-06;    0.0000;   6.580e-09;   -0.1075;   7.957e-13;   -0.4301;   1.561e-06;   -1.7203;   2.246e-14;   -0.4301;   1.444e-10;   -0.4301;   2.449e-11;   -0.9677;   4.820e-14;   -1.7203;   4.557e-06;    0.0000;   1.885e-07;   -0.1075;   1.375e-06;   -0.1075;   1.736e-09;    0.0000;   7.591e-08;    0.0000;   2.760e-06;    0.0000;   0.0002702;    0.0000;   4.342e-07;   -0.1075;   3.789e-07;   -0.1075;   1.378e-05;   -0.1075;   7.908e-05;   -0.4301
       8.7200;       0.0000;       0.0000;      0.12101;       0.0000;       0.0000;       0.0000;       0.0000;       0.0000;       0.0000;       0.0000;       0.0000;       0.0000;       0.0000;       0.0000;       0.0000;      0.17725;   0.00022893;    0.0090954;   2.2834e-12;   2.5767e-06;      0.15586;   0.00033133;   5.7919e-08;     0.092116;   5.2174e-09;   7.6817e-06;   9.0169e-07;   6.2509e-09;      0.15876;    0.0045421;     0.033133;       0.0000;       0.0000;       0.0000;       0.0000;    0.0072417;    0.0063192;      0.23410;       0.0000;;   0.1000;    0.0000;   2.441e-09;   -0.1075;   1.762e-05;   -0.9677;   5.542e-06;   -0.4301;   0.0004047;   -0.1075;   0.0005597;   -0.1075;   0.0002073;   -0.1075;   0.0001288;   -0.1075;       0.000;    0.0000;   1.067e-05;    0.0000;   2.230e-08;   -0.4301;   1.219e-12;   -0.1075;   1.611e-08;    0.0000;   2.445e-18;    0.0000;    0.003181;   -0.1075;   6.691e-06;   -0.1075;   8.118e-06;   -0.1075;   1.048e-08;   -1.7203;   4.166e-07;   -0.4301;   1.046e-16;   -0.1075;   1.180e-10;    0.0000;   7.138e-06;    0.0000;   1.517e-08;   -0.1075;   2.653e-12;   -0.4301;   2.109e-06;   -1.7203;   1.195e-13;   -0.4301;   1.759e-10;   -0.4301;   2.065e-11;   -0.9677;   7.157e-14;   -1.7203;   7.271e-06;    0.0000;   2.080e-07;   -0.1075;   1.517e-06;   -0.1075;   1.201e-09;    0.0000;   5.253e-08;    0.0000;   1.946e-06;    0.0000;   0.0002412;    0.0000;   3.317e-07;   -0.1075;   2.894e-07;   -0.1075;   1.072e-05;   -0.1075;   0.0001652;   -0.4301
       8.8800;       0.0000;       0.0000;     0.082136;       0.0000;       0.0000;       0.0000;       0.0000;       0.0000;       0.0000;       0.0000;       0.0000;       0.0000;       0.0000;       0.0000;       0.0000;      0.13087;   0.00018387;     0.026948;   8.0694e-13;   1.3162e-06;      0.22103;   0.00067916;   1.7161e-07;      0.10492;   2.1922e-08;   7.3940e-06;   6.0045e-07;   5.7914e-09;      0.22514;    0.0044563;     0.032507;       0.0000;       0.0000;       0.0000;       0.0000;    0.0049166;    0.0042900;      0.16187;       0.0000;;   0.1000;    0.0000;   1.689e-09;   -0.1075;   1.917e-05;   -0.9677;   3.762e-06;   -0.4301;   0.0004048;   -0.1075;   0.0005598;   -0.1075;   0.0002112;   -0.1075;   0.0001612;   -0.1075;       0.000;    0.0000;   1.067e-05;    0.0000;   1.679e-08;   -0.4301;   6.344e-13;   -0.1075;   1.611e-08;    0.0000;   8.808e-19;    0.0000;    0.004597;   -0.1075;   9.672e-06;   -0.1075;   5.994e-06;   -0.1075;   8.421e-09;   -1.7203;   1.234e-06;   -0.4301;   3.696e-17;   -0.1075;   6.028e-11;    0.0000;   1.012e-05;    0.0000;   3.111e-08;   -0.1075;   7.860e-12;   -0.4301;   2.403e-06;   -1.7203;   5.020e-13;   -0.4301;   1.693e-10;   -0.4301;   1.375e-11;   -0.9677;   6.631e-14;   -1.7203;   1.031e-05;    0.0000;   2.041e-07;   -0.1075;   1.489e-06;   -0.1075;   8.312e-10;    0.0000;   3.635e-08;    0.0000;   1.372e-06;    0.0000;   0.0002088;    0.0000;   2.252e-07;   -0.1075;   1.965e-07;   -0.1075;   7.414e-06;   -0.1075;   0.0003452;   -0.4301
       9.0400;       0.0000;       0.0000;     0.049120;       0.0000;       0.0000;       0.0000;       0.0000;       0.0000;       0.0000;       0.0000;       0.0000;       0.0000;       0.0000;       0.0000;       0.0000;     0.087627;   0.00013784;     0.070349;   2.5861e-13;   6.0970e-07;      0.27617;    0.0012266;   4.4798e-07;     0.098278;   7.1503e-08;   5.5249e-06;   3.1040e-07;   3.2335e-09;      0.28130;    0.0038521;     0.028099;       0.0000;       0.0000;       0.0000;       0.0000;    0.0029409;    0.0025660;     0.098326;       0.0000;;   0.1000;    0.0000;   1.168e-09;   -0.1075;   2.146e-05;   -0.9677;   2.250e-06;   -0.4301;   0.0004049;   -0.1075;   0.0005599;   -0.1075;   0.0002145;   -0.1075;   0.0001951;   -0.1075;       0.000;    0.0000;   1.067e-05;    0.0000;   1.300e-08;   -0.4301;   3.400e-13;   -0.1075;   1.611e-08;    0.0000;   3.265e-19;    0.0000;    0.006645;   -0.1075;   1.398e-05;   -0.1075;   4.013e-06;   -0.1075;   6.313e-09;   -1.7203;   3.222e-06;   -0.4301;   1.184e-17;   -0.1075;   2.792e-11;    0.0000;   1.265e-05;    0.0000;   5.618e-08;   -0.1075;   2.052e-11;   -0.4301;   2.251e-06;   -1.7203;   1.637e-12;   -0.4301;   1.265e-10;   -0.4301;   7.108e-12;   -0.9677;   3.702e-14;   -1.7203;   1.288e-05;    0.0000;   1.764e-07;   -0.1075;   1.287e-06;   -0.1075;   5.752e-10;    0.0000;   2.515e-08;    0.0000;   9.638e-07;    0.0000;   0.0001749;    0.0000;   1.347e-07;   -0.1075;   1.175e-07;   -0.1075;   4.503e-06;   -0.1075;   0.0007212;   -0.4301
       9.2000;       0.0000;       0.0000;     0.025678;       0.0000;       0.0000;       0.0000;       0.0000;       0.0000;       0.0000;       0.0000;       0.0000;       0.0000;       0.0000;       0.0000;       0.0000;     0.051887;   9.2453e-05;      0.16053;   7.3292e-14;   2.4977e-07;      0.30163;    0.0019364;   1.0223e-06;     0.071994;   1.7821e-07;   3.1545e-06;   1.2261e-07;   1.0541e-09;      0.30724;    0.0029107;     0.021232;       0.0000;       0.0000;       0.0000;       0.0000;    0.0015376;    0.0013415;     0.051978;       0.0000;;   0.1000;    0.0000;   8.082e-10;   -0.1075;   2.431e-05;   -0.9677;   1.176e-06;   -0.4301;   0.0004049;   -0.1075;   0.0005599;   -0.1075;   0.0002169;   -0.1075;   0.0002284;   -0.1075;       0.000;    0.0000;   1.067e-05;    0.0000;   1.019e-08;   -0.4301;   1.843e-13;   -0.1075;   1.611e-08;    0.0000;   1.225e-19;    0.0000;    0.009606;   -0.1075;   2.021e-05;   -0.1075;   2.376e-06;   -0.1075;   4.234e-09;   -1.7203;   7.352e-06;   -0.4301;   3.357e-18;   -0.1075;   1.144e-11;    0.0000;   1.381e-05;    0.0000;   8.869e-08;   -0.1075;   4.682e-11;   -0.4301;   1.649e-06;   -1.7203;   4.081e-12;   -0.4301;   7.224e-11;   -0.4301;   2.808e-12;   -0.9677;   1.207e-14;   -1.7203;   1.407e-05;    0.0000;   1.333e-07;   -0.1075;   9.724e-07;   -0.1075;   3.980e-10;    0.0000;   1.740e-08;    0.0000;   6.743e-07;    0.0000;   0.0001416;    0.0000;   7.042e-08;   -0.1075;   6.144e-08;   -0.1075;   2.381e-06;   -0.1075;    0.001507;   -0.4301
       9.3600;       0.0000;       0.0000;     0.011484;       0.0000;       0.0000;       0.0000;       0.0000;       0.0000;       0.0000;       0.0000;       0.0000;       0.0000;       0.0000;       0.0000;       0.0000;     0.025863;   5.1360e-05;      0.31339;   1.7485e-14;   8.6129e-08;      0.28184;    0.0026153;   1.9957e-06;     0.037370;   3.2507e-07;   1.3182e-06;   3.5447e-08;   1.8407e-10;      0.28708;    0.0018816;     0.013725;       0.0000;       0.0000;       0.0000;       0.0000;   0.00068774;   0.00060001;     0.023408;       0.0000;;   0.1000;    0.0000;   5.591e-10;   -0.1075;   2.709e-05;   -0.9677;   5.260e-07;   -0.4301;   0.0004050;   -0.1075;   0.0005600;   -0.1075;   0.0002185;   -0.1075;   0.0002589;   -0.1075;       0.000;    0.0000;   1.067e-05;    0.0000;   7.857e-09;   -0.4301;   9.833e-14;   -0.1075;   1.611e-08;    0.0000;   4.520e-20;    0.0000;     0.01388;   -0.1075;   2.921e-05;   -0.1075;   1.185e-06;   -0.1075;   2.352e-09;   -1.7203;   1.435e-05;   -0.4301;   8.008e-19;   -0.1075;   3.945e-12;    0.0000;   1.291e-05;    0.0000;   1.198e-07;   -0.1075;   9.140e-11;   -0.4301;   8.558e-07;   -1.7203;   7.444e-12;   -0.4301;   3.019e-11;   -0.4301;   8.117e-13;   -0.9677;   2.108e-15;   -1.7203;   1.315e-05;    0.0000;   8.618e-08;   -0.1075;   6.286e-07;   -0.1075;   2.754e-10;    0.0000;   1.204e-08;    0.0000;   4.697e-07;    0.0000;   0.0001111;    0.0000;   3.150e-08;   -0.1075;   2.748e-08;   -0.1075;   1.072e-06;   -0.1075;    0.003148;   -0.4301
       9.5200;       0.0000;       0.0000;    0.0042778;       0.0000;       0.0000;       0.0000;       0.0000;       0.0000;       0.0000;       0.0000;       0.0000;       0.0000;       0.0000;       0.0000;       0.0000;     0.010296;   2.1853e-05;      0.50959;   3.3318e-15;   2.3722e-08;      0.21935;    0.0029421;   3.2450e-06;     0.012375;   4.1139e-07;   3.8217e-07;   7.1097e-09;   1.5471e-11;      0.22343;    0.0010131;    0.0073902;       0.0000;       0.0000;       0.0000;       0.0000;   0.00025620;   0.00022352;    0.0087522;       0.0000;;   0.1000;    0.0000;   3.868e-10;   -0.1075;   2.895e-05;   -0.9677;   1.959e-07;   -0.4301;   0.0004050;   -0.1075;   0.0005600;   -0.1075;   0.0002193;   -0.1075;   0.0002853;   -0.1075;       0.000;    0.0000;   1.067e-05;    0.0000;   5.809e-09;   -0.4301;   5.030e-14;   -0.1075;   1.611e-08;    0.0000;   1.600e-20;    0.0000;     0.02007;   -0.1075;   4.222e-05;   -0.1075;   4.716e-07;   -0.1075;   1.001e-09;   -1.7203;   2.334e-05;   -0.4301;   1.526e-19;   -0.1075;   1.086e-12;    0.0000;   1.005e-05;    0.0000;   1.347e-07;   -0.1075;   1.486e-10;   -0.4301;   2.834e-07;   -1.7203;   9.421e-12;   -0.4301;   8.752e-12;   -0.4301;   1.628e-13;   -0.9677;   1.771e-16;   -1.7203;   1.023e-05;    0.0000;   4.640e-08;   -0.1075;   3.385e-07;   -0.1075;   1.905e-10;    0.0000;   8.330e-09;    0.0000;   3.262e-07;    0.0000;   8.468e-05;    0.0000;   1.173e-08;   -0.1075;   1.024e-08;   -0.1075;   4.008e-07;   -0.1075;    0.006578;   -0.4301
       9.6800;       0.0000;       0.0000;    0.0013355;       0.0000;       0.0000;       0.0000;       0.0000;       0.0000;       0.0000;       0.0000;       0.0000;       0.0000;       0.0000;       0.0000;       0.0000;    0.0032997;   7.1894e-06;      0.69444;   5.1107e-16;   5.2597e-09;      0.14307;    0.0027738;   4.4222e-06;    0.0026555;   3.6567e-07;   7.7819e-08;   1.0016e-09;   6.4150e-13;      0.14573;   0.00045717;    0.0033348;       0.0000;       0.0000;       0.0000;       0.0000;   7.9984e-05;   6.9781e-05;    0.0027370;       0.0000;;   0.1000;    0.0000;   2.676e-10;   -0.1075;   2.972e-05;   -0.9677;   6.116e-08;   -0.4301;   0.0004050;   -0.1075;   0.0005600;   -0.1075;   0.0002196;   -0.1075;   0.0003070;   -0.1075;       0.000;    0.0000;   1.067e-05;    0.0000;   4.126e-09;   -0.4301;   2.471e-14;   -0.1075;   1.611e-08;    0.0000;   5.438e-21;    0.0000;     0.02901;   -0.1075;   6.103e-05;   -0.1075;   1.511e-07;   -0.1075;   3.293e-10;   -1.7203;   3.181e-05;   -0.4301;   2.341e-20;   -0.1075;   2.409e-13;    0.0000;   6.553e-06;    0.0000;   1.270e-07;   -0.1075;   2.025e-10;   -0.4301;   6.081e-08;   -1.7203;   8.374e-12;   -0.4301;   1.782e-12;   -0.4301;   2.294e-14;   -0.9677;   7.345e-18;   -1.7203;   6.675e-06;    0.0000;   2.094e-08;   -0.1075;   1.527e-07;   -0.1075;   1.318e-10;    0.0000;   5.763e-09;    0.0000;   2.261e-07;    0.0000;   6.303e-05;    0.0000;   3.663e-09;   -0.1075;   3.196e-09;   -0.1075;   1.254e-07;   -0.1075;     0.01374;   -0.4301
       9.8400;       0.0000;       0.0000;   0.00036511;       0.0000;       0.0000;       0.0000;       0.0000;       0.0000;       0.0000;       0.0000;       0.0000;       0.0000;       0.0000;       0.0000;       0.0000;   0.00090861;   1.9939e-06;      0.82875;   6.7357e-17;   1.0020e-09;     0.081723;    0.0022902;   5.2775e-06;   0.00042067;   2.4927e-07;   1.2152e-08;   1.0821e-10;   1.5644e-14;     0.083242;   0.00018066;    0.0013178;       0.0000;       0.0000;       0.0000;       0.0000;   2.1867e-05;   1.9078e-05;   0.00074884;       0.0000;;   0.1000;    0.0000;   1.851e-10;   -0.1075;   2.994e-05;   -0.9677;   1.672e-08;   -0.4301;   0.0004050;   -0.1075;   0.0005600;   -0.1075;   0.0002198;   -0.1075;   0.0003240;   -0.1075;       0.000;    0.0000;   1.067e-05;    0.0000;   2.875e-09;   -0.4301;   1.191e-14;   -0.1075;   1.611e-08;    0.0000;   1.813e-21;    0.0000;     0.04193;   -0.1075;   8.821e-05;   -0.1075;   4.161e-08;   -0.1075;   9.132e-11;   -1.7203;   3.796e-05;   -0.4301;   3.085e-21;   -0.1075;   4.589e-14;    0.0000;   3.743e-06;    0.0000;   1.049e-07;   -0.1075;   2.417e-10;   -0.4301;   9.633e-09;   -1.7203;   5.708e-12;   -0.4301;   2.783e-13;   -0.4301;   2.478e-15;   -0.9677;   1.791e-19;   -1.7203;   3.812e-06;    0.0000;   8.274e-09;   -0.1075;   6.036e-08;   -0.1075;   9.119e-11;    0.0000;   3.987e-09;    0.0000;   1.565e-07;    0.0000;   4.602e-05;    0.0000;   1.002e-09;   -0.1075;   8.738e-10;   -0.1075;   3.430e-08;   -0.1075;     0.02871;   -0.4301
       10.000;       0.0000;       0.0000;   9.1882e-05;       0.0000;       0.0000;       0.0000;       0.0000;       0.0000;       0.0000;       0.0000;       0.0000;       0.0000;       0.0000;       0.0000;       0.0000;   0.00022903;   5.0340e-07;      0.91040;   8.1262e-18;   1.7473e-10;     0.042968;    0.0017405;   5.7974e-06;   5.5842e-05;   1.4397e-07;   1.6080e-09;   9.9055e-12;   2.7389e-16;     0.043767;   6.5716e-05;   0.00047937;       0.0000;       0.0000;       0.0000;       0.0000;   5.5030e-06;   4.8010e-06;   0.00018851;       0.0000;;   0.1000;    0.0000;   1.281e-10;   -0.1075;   2.998e-05;   -0.9677;   4.208e-09;   -0.4301;   0.0004050;   -0.1075;   0.0005600;   -0.1075;   0.0002199;   -0.1075;   0.0003369;   -0.1075;       0.000;    0.0000;   1.067e-05;    0.0000;   1.992e-09;   -0.4301;   5.711e-15;   -0.1075;   1.611e-08;    0.0000;   6.015e-22;    0.0000;     0.06061;   -0.1075;   0.0001275;   -0.1075;   1.049e-08;   -0.1075;   2.306e-11;   -1.7203;   4.170e-05;   -0.4301;   3.722e-22;   -0.1075;   8.003e-15;    0.0000;   1.968e-06;    0.0000;   7.971e-08;   -0.1075;   2.655e-10;   -0.4301;   1.279e-09;   -1.7203;   3.297e-12;   -0.4301;   3.682e-14;   -0.4301;   2.268e-16;   -0.9677;   3.136e-21;   -1.7203;   2.005e-06;    0.0000;   3.010e-09;   -0.1075;   2.196e-08;   -0.1075;   6.309e-11;    0.0000;   2.758e-09;    0.0000;   1.083e-07;    0.0000;   3.311e-05;    0.0000;   2.520e-10;   -0.1075;   2.199e-10;   -0.1075;   8.634e-09;   -0.1075;     0.05999;   -0.4301
